f_Hz,Omega_GW_total,Omega_GW_QCD,Omega_GW_weak,Omega_GW_thermal
9.999999999999999e-11,1.0588307807443577e-11,2.978831439811924e-47,1.0588307807443577e-11,2.485102472379068e-137
1.0233323289164401e-10,1.092544998441568e-11,6.582065376592338e-47,1.092544998441568e-11,9.796088459771041e-138
1.047209055405541e-10,1.1256681135045315e-11,1.4495544368491309e-46,1.1256681135045315e-11,3.855843074533859e-138
1.0716428815305377e-10,1.158082904611966e-11,3.1817272153839152e-46,1.158082904611966e-11,1.5154592355162444e-138
1.0966468057233655e-10,1.189671870522131e-11,6.960612085290084e-46,1.189671870522131e-11,5.9474037520265804e-139
1.1222341296996668e-10,1.220317925696224e-11,1.5177072016728864e-45,1.220317925696224e-11,2.3306059020102206e-139
1.1484184655350697e-10,1.2499051123022728e-11,3.298258070890698e-45,1.2499051123022728e-11,9.11944728035881e-140
1.1752137429066473e-10,1.2783193226579463e-11,7.143932591795779e-45,1.2783193226579463e-11,3.563087173211547e-140
1.2026342165032613e-10,1.3054490259040504e-11,1.5422193130206452e-44,1.3054490259040504e-11,1.3900890879818545e-140
1.2306944736088806e-10,1.331185992501285e-11,3.3182645097607226e-44,1.331185992501285e-11,5.415232110072302e-141
1.259409441862763e-10,1.3554260100149332e-11,7.115934502278391e-44,1.3554260100149332e-11,2.1064433024075425e-141
1.2887943972007754e-10,1.3780695835999924e-11,1.52092905739012e-43,1.3780695835999924e-11,8.181646805369337e-142
1.3188649719819238e-10,1.3990226146236281e-11,3.239977897808125e-43,1.3990226146236281e-11,3.1731451348726987e-142
1.3496371633045777e-10,1.4181970509658028e-11,6.8790935135469215e-43,1.4181970509658028e-11,1.2288458334040507e-142
1.381127341516646e-10,1.4355115027208669e-11,1.4557153252686045e-42,1.4355115027208669e-11,4.751854362580644e-143
1.413352258924401e-10,1.450891817283112e-11,3.070278491914029e-42,1.450891817283112e-11,1.8347930979736049e-143
1.446329058704413e-10,1.464271608134664e-11,6.454092146884181e-42,1.464271608134664e-11,7.07406961761313e-144
1.4800752840235095e-10,1.4755927320616537e-11,1.3522239642754131e-41,1.4755927320616537e-11,2.7233898648803214e-144
1.5146088873714336e-10,1.484805709999703e-11,2.8236975054757146e-41,1.484805709999703e-11,1.0469080999577508e-144
1.5499482401113475e-10,1.4918700872468994e-11,5.876838921515403e-41,1.4918700872468994e-11,4.018514675506572e-145
1.5861121422530766e-10,1.4967547293749223e-11,1.2190611180035535e-40,1.4967547293749223e-11,1.5402131007532441e-145
1.623119832454485e-10,1.4994380508096803e-11,2.5203638815355724e-40,1.4994380508096803e-11,5.894599774586427e-146
1.6609909982561104e-10,1.499908173733131e-11,5.193463576570193e-40,1.499908173733131e-11,2.252610420856032e-146
1.6997457865546614e-10,1.4981630156694804e-11,1.0666133330628363e-39,1.4981630156694804e-11,8.595598279401596e-147
1.7394048143208881e-10,1.494210304851977e-11,2.1832979227454546e-39,1.494210304851977e-11,3.275098659944785e-147
1.7799891795674553e-10,1.488067523211653e-11,4.454254938356985e-39,1.488067523211653e-11,1.2460369470085441e-147
1.8215204725728275e-10,1.479761777576507e-11,9.057184486312987e-39,1.479761777576507e-11,4.733645256778135e-148
1.8640207873669188e-10,1.4693296004090294e-11,1.8355551309620475e-38,1.4693296004090294e-11,1.7956378550478175e-148
1.9075127334848457e-10,1.4568166821317407e-11,3.7076414385268296e-38,1.4568166821317407e-11,6.80142717342647e-149
1.9520194479948042e-10,1.4422775377851055e-11,7.46421425422267e-38,1.4422775377851055e-11,2.5724065549438993e-149
1.997564607806707e-10,1.4257751114207225e-11,1.497705904044397e-37,1.4257751114207225e-11,9.714879510785757e-150
2.0441724422678843e-10,1.4073803222465999e-11,2.995194722747761e-37,1.4073803222465999e-11,3.6634771351291583e-150
2.0918677460528017e-10,1.3871715571027307e-11,5.970073214680629e-37,1.3871715571027307e-11,1.379455857657998e-150
2.1406758923533892e-10,1.3652341143475256e-11,1.1860153986589567e-36,1.3652341143475256e-11,5.1865716963906514e-151
2.1906228463772727e-10,1.3416596046721819e-11,2.348318900446032e-36,1.3416596046721819e-11,1.9472029526370566e-151
2.2417351791608068e-10,1.316545314726966e-11,4.634254652209703e-36,1.316545314726966e-11,7.299620947485832e-152
2.2940400817045418e-10,1.2899935397353591e-11,9.1150444503819e-36,1.2899935397353591e-11,2.732421247767309e-152
2.3475653794383597e-10,1.2621108914878103e-11,1.7868733118851043e-35,1.2621108914878103e-11,1.0212998180059809e-152
2.402339547024263e-10,1.233007588243615e-11,3.491281034176461e-35,1.233007588243615e-11,3.811685946049608e-153
2.4583917235043953e-10,1.202796733127676e-11,6.798794763129899e-35,1.202796733127676e-11,1.420493408786682e-153
2.515751727802654e-10,1.1715935875889318e-11,1.3195781887279306e-34,1.1715935875889318e-11,5.285907884619535e-154
2.574450074587838e-10,1.139514846391125e-11,2.55266839305198e-34,1.139514846391125e-11,1.9640756613644762e-154
2.6345179905070753e-10,1.1066779204370749e-11,4.9216389267917e-34,1.1066779204370749e-11,7.287106101243751e-155
2.6959874307978543e-10,1.0732002334892716e-11,9.457605003764846e-34,1.0732002334892716e-11,2.6996671850502176e-155
2.7588910962878185e-10,1.0391985385460748e-11,1.8113762536418694e-33,1.0391985385460748e-11,9.986737116624392e-156
2.8232624507910325e-10,1.0047882592716078e-11,3.457739279781036e-33,1.0047882592716078e-11,3.6888862534684924e-156
2.889135738910324e-10,9.700828614627291e-12,6.57857593887912e-33,9.700828614627291e-12,1.3605833927576623e-156
2.9565460042548224e-10,9.351932590774693e-12,1.2474628363780287e-32,9.351932590774693e-12,5.01087216087136e-157
3.0255291080826707e-10,9.002272588515411e-12,2.3576504464080636e-32,9.002272588515411e-12,1.8427216400214382e-157
3.0961217483787193e-10,8.652890470018558e-12,4.441066639886794e-32,8.652890470018558e-12,6.7665049628505346e-158
3.1683614793772223e-10,8.304787209660331e-12,8.337795512717038e-32,8.304787209660331e-12,2.481003226230993e-158
3.242286731540231e-10,7.958918685622406e-12,1.5601676359408308e-31,7.958918685622406e-12,9.083401456793905e-159
3.3179368320019243e-10,7.616191963828288e-12,2.909694310739894e-31,7.616191963828288e-12,3.3206870207077e-159
3.395352025490165e-10,7.277462086653502e-12,5.4085337031251955e-31,7.277462086653502e-12,1.2121758740879866e-159
3.474573495735989e-10,6.943529373233184e-12,1.0020001603966478e-30,6.943529373233184e-12,4.418364929032296e-160
3.555643387382846e-10,6.615137232730727e-12,1.8501720546466603e-30,6.615137232730727e-12,1.6081101224073303e-160
3.638604828406813e-10,6.2929704866954435e-12,3.404963950088657e-30,6.2929704866954435e-12,5.84424271258794e-161
3.7235019530601485e-10,5.97765419167034e-12,6.245525625858225e-30,5.97765419167034e-12,2.1207963044772645e-161
3.81037992534994e-10,5.6697529485847774e-12,1.1417776730684721e-29,5.6697529485847774e-12,7.684717866268816e-162
3.8992849630648053e-10,5.3697706812023424e-12,2.080415942921418e-29,5.3697706812023424e-12,2.780450404809844e-162
3.9902643623619465e-10,5.078150862051989e-12,3.778112411001197e-29,5.078150862051989e-12,1.0045247322274564e-162
4.083366522928125e-10,4.795277160860683e-12,6.838418145316898e-29,4.795277160860683e-12,3.6238012507091925e-163
4.1786409737274477e-10,4.52147448756301e-12,1.2336515408743444e-28,4.52147448756301e-12,1.3053481645878558e-163
4.2761383993501703e-10,4.257010399494759e-12,2.2181220210889126e-28,4.257010399494759e-12,4.6951190723202626e-164
4.375910666976011e-10,4.002096840392532e-12,3.974975320583618e-28,4.002096840392532e-12,1.6862622375942597e-164
4.478010853966855e-10,3.756892177316568e-12,7.099692106395471e-28,3.756892177316567e-12,6.0473050093077725e-165
4.58249327610298e-10,3.5215035005868664e-12,1.2638649461077163e-27,3.521503500586865e-12,2.1654935212251307e-165
4.689413516478391e-10,3.2959891512489243e-12,2.242424850110396e-27,3.295989151248922e-12,7.743016047874085e-166
4.798828455070065e-10,3.080361440460158e-12,3.9654383438001785e-27,3.080361440460154e-12,2.764532409397385e-166
4.910796298997312e-10,2.8745895254690327e-12,6.989089164074868e-27,2.874589525469026e-12,9.855790597619813e-167
5.025376613487154e-10,2.6786024075325842e-12,1.227738954668883e-26,2.678602407532572e-12,3.5084840397714116e-167
5.142630353562002e-10,2.492292018141239e-12,2.149550069379778e-26,2.4922920181412175e-12,1.247112977511245e-167
5.26261989646698e-10,2.315516361258353e-12,3.750983646260477e-26,2.3155163612583156e-12,4.426396843328154e-168
5.385409074853527e-10,2.14810268090335e-12,6.523773151111256e-26,2.1481026809032847e-12,1.5687478806765893e-168
5.511063210737591e-10,1.9898506252634518e-12,1.1308593852062822e-25,1.9898506252633387e-12,5.551549447178058e-169
5.639649150249792e-10,1.8405353805767547e-12,1.9537745021915036e-25,1.840535380576559e-12,1.961704229060638e-169
5.771235299196742e-10,1.6999107502445892e-12,3.364312611811044e-25,1.6999107502442527e-12,6.921673348170834e-170
5.905891659451746e-10,1.5677121569656413e-12,5.77396736628853e-25,1.567712156965064e-12,2.4386356996360124e-170
6.043689866194936e-10,1.443659548098427e-12,9.876620837536318e-25,1.4436595480974392e-12,8.579085778550673e-171
6.184703226021928e-10,1.3274601869184569e-12,1.6838310489050077e-24,1.327460186916773e-12,3.0136537198514587e-171
6.329006755942039e-10,1.218811314901594e-12,2.8611769686579647e-24,1.2188113148987328e-12,1.0570704757656649e-171
6.476677223286025e-10,1.1174026726116192e-12,4.8455937759608995e-24,1.1174026726067736e-12,3.702310110054356e-172
6.627793186545351e-10,1.0229188691592072e-12,8.179097031112134e-24,1.0229188691510281e-12,1.294791675547025e-172
6.782435037163942e-10,9.350415925141428e-13,1.376004306778764e-23,9.350415925003829e-13,4.5215283669809615e-173
6.940685042305439e-10,8.534516551623222e-13,2.3072268721343008e-23,8.534516551392499e-13,1.5766266991103834e-173
7.102627388617896e-10,7.778308716890786e-13,3.855821179975639e-23,7.778308716505204e-13,5.489474213738268e-174
7.268348227020046e-10,7.078637668214035e-13,6.422432420474927e-23,7.078637667571792e-13,1.9084943457993952e-174
7.437935718532072e-10,6.432391142629427e-13,1.0661990149113678e-22,6.432391141563228e-13,6.625356646562627e-175
7.611480081176202e-10,5.836513082944413e-13,1.764140157340411e-22,5.836513081180273e-13,2.296602858995715e-175
7.789073637971137e-10,5.288015715861162e-13,2.909269609291937e-22,5.288015712951892e-13,7.949151907464061e-176
7.970810866046621e-10,4.783990039688062e-13,4.781794738312227e-22,4.783990034906267e-13,2.7473497292336912e-176
8.156788446903956e-10,4.3216147804101274e-13,7.833466032624602e-22,4.3216147725766613e-13,9.481244667711798e-177
8.347105317848905e-10,3.898163884479806e-13,1.2790074512731591e-21,3.8981638716897315e-13,3.267194701704594e-177
8.541862724625123e-10,3.5110126246114484e-13,2.081365060580819e-21,3.511012603797798e-13,1.1241983254060745e-177
8.741164275275121e-10,3.1576424011909104e-13,3.3758218544480925e-21,3.1576423674326917e-13,3.862505471237147e-178
8.945115995258477e-10,2.835644326695528e-13,5.457162123422832e-21,2.8356442721239066e-13,1.3251148984857776e-178
9.153826383855521e-10,2.5427216838813936e-13,8.7924572857114e-21,2.5427215959568205e-13,4.539376674961083e-179
9.367406471887626e-10,2.276691350515518e-13,1.4119189054260643e-20,2.2766912093236274e-13,1.5527343558397234e-179
9.58596988078366e-10,2.0354842842437368e-13,2.2597755994347647e-20,2.0354840582661769e-13,5.3034241089293565e-180
9.809632883025192e-10,1.817145160909884e-13,3.604764950059808e-20,1.817144800433389e-13,1.8087302852902583e-180
1.0038514464001423e-09,1.6198312584184012e-13,5.731188116183133e-20,1.6198306852995896e-13,6.159557560410568e-181
1.0272736385307947e-09,1.4418106762052997e-13,9.081727170774123e-20,1.4418097680325826e-13,2.0945150304013416e-181
1.0512423249521793e-09,1.2814599777146656e-13,1.4343274611698912e-19,1.2814585433872043e-13,7.11173720579419e-182
1.0757702566488467e-09,1.1372613401351569e-13,2.257793669858926e-19,1.137259082341487e-13,2.4111608016631323e-182
1.1008704821154964e-09,1.0077992922413916e-13,3.542225980344737e-19,1.0077957500154113e-13,8.16272010236303e-183
1.1265563542986152e-09,8.917571177231327e-14,5.5389105582802095e-19,8.917515788125744e-14,2.7593188690497684e-183
1.1528415377000116e-09,7.879129981587661e-14,8.632339567762499e-19,7.879043658191984e-14,9.313804813941952e-184
1.179740015646163e-09,6.951359671331942e-14,1.340876422703136e-18,6.951225583689672e-14,3.139139600047882e-184
1.2072660977271007e-09,6.123817453662512e-14,2.075893496801935e-18,6.123609864312831e-14,1.0564583558550202e-184
1.2354344274089366e-09,5.386885266943971e-14,3.2031513342261626e-18,5.386564951810548e-14,3.550196495637856e-185
1.264259989823936e-09,4.7317278714055704e-14,4.9261306054619224e-18,4.731235258345024e-14,1.1912712348652979e-185
1.293758119742398e-09,4.1502519521159285e-14,7.550756439468997e-18,4.1494968764719815e-14,3.9914176648486105e-186
1.3239445097305376e-09,3.6350671250607576e-14,1.153535797951812e-17,3.633913589262806e-14,1.3353710309953433e-186
1.3548352184986856e-09,3.179449918047368e-14,1.7564175456044516e-17,3.1776935005017636e-14,4.4610283354349456e-187
1.386446679444274e-09,2.7773120798990653e-14,2.6655113260424886e-17,2.774646568573023e-14,1.4880799619923646e-187
1.4187957093941684e-09,2.4231749946867115e-14,4.031710808019583e-17,2.4191432838786918e-14,4.9565079966014136e-188
1.451899517550987e-09,2.1121525989820333e-14,6.077910334868142e-17,2.1060746886471653e-14,1.6484797225239904e-188
1.4857757146481015e-09,1.8399460971276134e-14,9.132197177335222e-17,1.830813899950278e-14,5.474565588521894e-189
1.5204423223183302e-09,1.6028550493277698e-14,1.3675787576726474e-16,1.5891792617510432e-14,1.8154068623117854e-189
1.5559177826811312e-09,1.3978112165389895e-14,2.0411996632674944e-16,1.3773992199063146e-14,6.011135779929525e-190
1.5922209681535857e-09,1.2224440844793708e-14,3.03650992452719e-16,1.192078985234099e-14,1.9874552501855168e-190
1.6293711914901914e-09,1.0751905277817234e-14,4.502150379128079e-16,1.0301690239904426e-14,6.56139880701582e-191
1.6673882160570127e-09,9.554659807059346e-15,6.653058840686235e-16,8.889353922990722e-15,2.162986294054237e-191
1.7062922663454444e-09,8.63921245385328e-15,9.798933425565491e-16,7.65931911129673e-15,7.119825593756233e-192
1.7461040387313945e-09,8.028183511615136e-15,1.4384418997010274e-15,6.589741611914109e-15,2.340147321722144e-192
1.7868447124853929e-09,7.765715562371255e-15,2.104562937918562e-15,5.6611526244526935e-15,7.680248957434541e-193
1.828535961039704e-09,7.925168173465937e-15,3.0689342667831936e-15,4.856233906682743e-15,2.5168982157279123e-193
1.871199963518214e-09,8.61996375278761e-15,4.460354018250196e-15,4.159609734537413e-15,8.2359606578891e-194
1.9148594165354517e-09,1.0018765207566267e-14,6.461110207446469e-15,3.5576550001197984e-15,2.6910460496614922e-194
1.9595375462707915e-09,1.2366587334580424e-14,9.328268604912144e-15,3.03831872966828e-15,8.779832920294728e-195
2.0052581208244956e-09,1.6014006213424406e-14,1.3423043955085993e-14,2.590962258338412e-15,2.8602871096101964e-195
2.052045462861936e-09,2.1457378067882443e-14,1.9251166799502505e-14,2.206211268379937e-15,9.304461903786261e-196
2.099924462552911e-09,2.9393967275782554e-14,2.751814639573734e-14,1.8758208800452116e-15,3.0222553209980886e-196
2.148920590812865e-09,4.0797184093704946e-14,3.920463111501516e-14,1.5925529786897841e-15,9.802329463253041e-197
2.199059912853022e-09,5.701883707764741e-14,5.5668772112232583e-14,1.3500649654148235e-15,3.174575757980809e-197
2.250369102046667e-09,7.992752765457031e-14,7.878471852379579e-14,1.1428091307745187e-15,1.0265978522727267e-197
2.3028754541190046e-09,1.1209519832033391e-13,1.1112925645019773e-13,9.659418701361847e-16,3.3149216099972433e-198
2.356606901668106e-09,1.570475701399903e-13,1.5623232815601295e-13,8.152419839773494e-16,1.0688196509220465e-198
2.4115920290245693e-09,2.19598990549423e-13,2.18911953213853e-13,6.87037335570013e-16,3.4410727370998358e-199
2.467860087458036e-09,3.062983303396039e-13,3.0572019116850335e-13,5.781391711005242e-16,1.106220064209615e-199
2.5254410107383514e-09,4.2602035028536094e-13,4.2553456684297985e-13,4.857834423810797e-16,3.55097377910372e-200
2.5843654310599657e-09,5.907468042040682e-13,5.903392256949681e-13,4.075785091000553e-16,1.1381818483564459e-200
2.6446646953377244e-09,8.165939382961335e-13,8.162524796608046e-13,3.414586353288766e-16,3.642789706431292e-201
2.7063708818830413e-09,1.1251585611106666e-12,1.124872918377535e-12,2.856427331316496e-16,1.1641657064101178e-201
2.769516817469001e-09,1.545274173776707e-12,1.5450355759326142e-12,2.385978440929322e-16,3.7149567211658855e-202
2.834136094793801e-09,2.1152925621931776e-12,2.115093555306228e-12,1.9900688694982819e-16,1.183725412120028e-202
2.9002630903514727e-09,2.8860356851981418e-12,2.8858699449622112e-12,1.657402359306355e-16,3.7662265382020873e-203
2.9679329827197646e-09,3.924598705753844e-12,3.9244608750242695e-12,1.3783072957419754e-16,1.1965205530418688e-203
3.0371817712745214e-09,5.319228809559011e-12,5.3191143578155005e-12,1.144517435111669e-16,3.795702295413246e-204
3.108046295340915e-09,7.185557386436911e-12,7.1854624884441505e-12,9.489799276043044e-17,1.2023263845515506e-204
3.1805642537913196e-09,9.674526705100749e-12,9.674448136341333e-12,7.856875941667807e-17,3.80286464963508e-205
3.254774225100651e-09,1.2982428012197435e-11,1.2982363058927333e-11,6.495327010179719e-17,1.2010403962322998e-205
3.330715687869438e-09,1.736355776017271e-11,1.7363504142198524e-11,5.3617974188440107e-17,3.7875869975407605e-206
3.4084290418259547e-09,2.3146104216625932e-11,2.3146060021127362e-11,4.419549857143538e-17,1.192685322571755e-206
3.487955629318171e-09,3.075199985328774e-11,3.0751963478210056e-11,3.63750776829976e-17,3.750139198090797e-207
3.569337757307372e-09,4.072161743083439e-11,4.072158753655583e-11,2.989427856204162e-17,1.1774084744224203e-207
3.6526187198747366e-09,5.374435122238284e-11,5.374432669052268e-11,2.4531860155346605e-17,3.69117964364358e-208
3.737842821253185e-09,7.069631073479577e-11,7.069629063317205e-11,2.0101623720351433e-17,1.155477418688498e-208
3.825055399396604e-09,9.268656357463007e-11,9.268654712750278e-11,1.6447127298156028e-17,3.611736005228968e-209
3.91430285009893e-09,1.2111359717585067e-10,1.2111358373869885e-10,1.3437151819043294e-17,1.1272721832865855e-209
4.005632651675998e-09,1.5773392559525193e-10,1.5773391463343235e-10,1.0961819584808093e-17,3.513175438780455e-210
4.099093390223318e-09,2.047450461174706e-10,2.0474503718819286e-10,8.929277737443037e-18,1.093274304676144e-210
4.194734785463215e-09,2.6488524835389185e-10,2.648852410910219e-10,7.262869967954494e-18,3.3971654591722503e-211
4.292607717194858e-09,3.415530916716013e-10,3.415530857728721e-10,5.8987292368667e-18,1.0540531589507212e-211
4.3927642523616976e-09,4.389496890961453e-10,4.3894968431241254e-10,4.78373276156275e-18,3.2656270461947106e-212
4.4952576727501636e-09,5.622472590661374e-10,5.622472551923693e-10,3.8737680642289636e-18,1.0102501183876325e-212
4.6001425033349215e-09,7.177877198751789e-10,7.177877167429133e-10,3.1322655529282216e-18,3.120681823715884e-213
4.707474541285209e-09,9.133153918430142e-10,9.133153893140551e-10,2.52895900807235e-18,9.625611487014724e-214
4.817310885648244e-09,1.1582481227296446e-09,1.158248120690804e-09,2.0388405432485227e-18,2.9645953376591016e-214
4.9297099677249175e-09,1.4639913429639947e-09,1.4639913413227135e-09,1.6412811739819728e-18,9.117185049878695e-215
5.044731582154529e-09,1.844299665943646e-09,1.844299664624354e-09,1.3192921264844191e-18,2.7997185433617867e-215
5.162436918724491e-09,2.3156906487581704e-09,2.315690647699265e-09,1.0589055115713394e-18,8.584721952456941e-216
5.2828885949225455e-09,2.897915190936989e-09,2.897915190088333e-09,8.486560325390316e-19,2.628429597458151e-216
5.406150689248166e-09,3.6144887412501004e-09,3.6144887405709525e-09,6.791480408758054e-19,8.03571860113238e-217
5.532288775301545e-09,4.4932869711825195e-09,4.493286970639825e-09,5.426945465439349e-19,2.4530779386702894e-217
5.661369956667588e-09,5.567208823153446e-09,5.5672088227204295e-09,4.3301677214834495e-19,7.477496684548372e-218
5.793462902614208e-09,6.8749088164929146e-09,6.87490881614792e-09,3.449945503438362e-19,2.2759324458994783e-218
5.928637884623197e-09,8.461599160504663e-09,8.461599160230205e-09,2.744593352081308e-19,6.917047546405725e-219
6.066966813773669e-09,1.0379920550564254e-08,1.0379920550346231e-08,2.18022861285416e-19,2.0991351953865596e-219
6.2085232789977385e-09,1.2690878484021433e-08,1.2690878483848498e-08,1.729355655320037e-19,6.360896299348582e-220
6.353382586228689e-09,1.5464839508909205e-08,1.5464839508772234e-08,1.3696981136988918e-19,1.9246620191566384e-220
6.50162179846256e-09,1.8782579000992648e-08,1.8782579000884324e-08,1.0832374160124768e-19,5.814988932968275e-221
6.653319776754559e-09,2.273636885687195e-08,2.2736368856786407e-08,8.554225666322085e-20,1.7542907141921497e-221
6.808557222172053e-09,2.74310899109803e-08,2.7431089910912848e-08,6.74521829460102e-20,5.284604524969877e-222
6.9674167187261474e-09,3.298534996845551e-08,3.29853499684024e-08,5.31091769545159e-20,1.589577385972408e-222
7.1299827773053704e-09,3.9532584150266246e-08,3.953258415022449e-08,4.175431743850131e-20,4.7742935105322165e-223
7.296341880633984e-09,4.7222109849836556e-08,4.722210984980378e-08,3.27786800981803e-20,1.4318410507563627e-223
7.466582529279733e-09,5.622010410422352e-08,5.622010410419783e-08,2.5694477498827843e-20,4.287841860677478e-224
7.640795288734604e-09,6.671046671414383e-08,6.671046671412371e-08,2.0111588536034355e-20,1.2821562858755494e-224
7.819072837594545e-09,7.889552815755874e-08,7.889552815754302e-08,1.5718504196520294e-20,3.8282600170628936e-225
8.001510016862871e-09,9.299655740577945e-08,9.299655740576718e-08,1.2266885490073879e-20,1.1413534211822536e-225
8.188203880404509e-09,1.0925402136537987e-07,1.0925402136537031e-07,9.559070457948512e-21,3.397794570129678e-226
8.379253746576944e-09,1.2792754504670396e-07,1.2792754504669653e-07,7.437984515231166e-21,1.0100255190236854e-226
8.57476125106639e-09,1.4929551992657796e-07,1.492955199265722e-07,5.7790058317657774e-21,2.997959979519439e-227
8.77483040095618e-09,1.736543075592195e-07,1.7365430755921502e-07,4.483418207925418e-21,8.885412021423156e-228
8.979567630057271e-09,2.0131698652487233e-07,2.0131698652486887e-07,3.473150681126159e-21,2.629587137671329e-228
9.189081855529149e-09,2.3261159350533393e-07,2.3261159350533125e-07,2.686558211900097e-21,7.770622622846739e-229
9.403484535822448e-09,2.678788138344296e-07,2.6787881383442753e-07,2.0750431907932933e-21,2.292885274487664e-229
9.622889729972915e-09,3.0746908344745267e-07,3.074690834474511e-07,1.6003548188084485e-21,6.755649167888399e-230
9.847414158279238e-09,3.517390728613327e-07,3.5173907286133147e-07,1.2324340219120182e-21,1.9875135867642135e-230
1.00771772643966e-08,4.0104753471153717e-07,4.010475347115362e-07,9.476966189151082e-22,5.838635724241909e-231
1.0312301278878752e-08,4.5575050943872964e-07,4.557505094387289e-07,7.276679373209062e-22,1.712659034678972e-231
1.0552911284202958e-08,5.161958988657239e-07,5.161958988657233e-07,5.578987690400613e-22,5.016359989431854e-232
1.0799135281311973e-08,5.82717434452268e-07,5.827174344522676e-07,4.271061477185414e-22,1.4671169554623516e-232
1.1051104257708655e-08,6.556280856887846e-07,6.556280856887843e-07,3.2649346862588613e-22,4.284489007667068e-233
1.1308952257139362e-08,7.352129740211718e-07,7.352129740211716e-07,2.492134220047598e-22,1.2493714725284253e-233
1.1572816450903257e-08,8.217218784236509e-07,8.217218784236507e-07,1.8994445293096849e-22,3.6378299427449247e-234
1.1842837210825273e-08,9.153614397025059e-07,9.153614397025058e-07,1.445573097323422e-22,1.0576730950156067e-234
1.2119158183932106e-08,1.0162871911888034e-06,1.0162871911888031e-06,1.0985295785484647e-22,3.0705684008146774e-235
1.2401926368869927e-08,1.1245955629635137e-06,1.1245955629635137e-06,8.335692945230904e-23,8.901113754823793e-236
1.2691292194105873e-08,1.2403160244136948e-06,1.2403160244136948e-06,6.315822522766656e-23,2.5764883433546824e-236
1.2987409597953347e-08,1.3634035449717737e-06,1.3634035449717737e-06,4.7783326719721816e-23,7.446809914348273e-237
1.3290436110465329e-08,1.493731564583036e-06,1.493731564583036e-06,3.6097830630606775e-23,2.1491692111617817e-237
1.3600532937237584e-08,1.6310856730452593e-06,1.6310856730452593e-06,2.7229776647318555e-23,6.193401114562219e-238
1.391786504516809e-08,1.7751582002065337e-06,1.7751582002065337e-06,2.0509983493221724e-23,1.7821574123142125e-238
1.424260125021652e-08,1.9255439165209076e-06,1.9255439165209076e-06,1.5425697065343252e-23,5.120603753635009e-239
1.4574914307212274e-08,2.081737035212087e-06,2.081737035212087e-06,1.158463997498169e-23,1.4691107440872478e-239
1.491498100175702e-08,2.243129692992464e-06,2.243129692992464e-06,8.687174397988021e-24,4.2086824135987746e-240
1.5262982244272473e-08,2.4090120658391515e-06,2.4090120658391515e-06,6.504782724654786e-24,1.2039155701352947e-240
1.561910316624159e-08,2.578574249833121e-06,2.578574249833121e-06,4.863459512307362e-24,3.438778183729619e-241
1.598353321869612e-08,2.7509100048546195e-06,2.7509100048546195e-06,3.630914902984826e-24,9.807776264436685e-242
1.6356466273001555e-08,2.9250224215301455e-06,2.9250224215301455e-06,2.706730969404789e-24,2.793156006668982e-242
1.6738100723993854e-08,3.099831530015978e-06,3.099831530015978e-06,2.014801980641129e-24,7.942881653596948e-243
1.7128639595522546e-08,3.2741838239459874e-06,3.2741838239459874e-06,1.4975381740519837e-24,2.25537751309732e-243
1.7528290648456406e-08,3.4468636253253124e-06,3.4468636253253124e-06,1.1114289127080578e-24,6.39467763600932e-244
1.7937266491209116e-08,3.6166061676307357e-06,3.6166061676307357e-06,8.236519565906227e-25,1.8104074230573032e-244
1.835578469284381e-08,3.7821122263084e-06,3.7821122263084e-06,6.09486420955849e-25,5.1179052688979944e-245
1.8784067898816564e-08,3.942064079740161e-06,3.942064079740161e-06,4.503421424944712e-25,1.4446625672798414e-245
1.922234394942046e-08,4.095142541096036e-06,4.095142541096036e-06,3.3226102517876e-25,4.0719163958615935e-246
1.967084600099328e-08,4.2400447637802214e-06,4.2400447637802214e-06,2.447791754431058e-25,1.1460129912095914e-246
2.0129812649953016e-08,4.375502491794743e-06,4.375502491794743e-06,1.8006437168030707e-25,3.220612578425826e-247
2.0599488059728037e-08,4.50030040252141e-06,4.50030040252141e-06,1.3226330419214795e-25,9.037445356108216e-248
2.1080122090647812e-08,4.613294174185759e-06,4.613294174185759e-06,9.70083687567418e-26,2.5322765875087352e-248
2.1571970432865524e-08,4.713427904401097e-06,4.713427904401097e-06,7.104561715167216e-26,7.084918366903557e-249
2.2075294742380774e-08,4.7997505101815975e-06,4.7997505101815975e-06,5.195455582706591e-26,1.9793236653695258e-249
2.2590362780237364e-08,4.871430753844486e-06,4.871430753844486e-06,3.793745882195132e-26,5.5214995298283897e-250
2.3117448554967475e-08,4.9277705631326484e-06,4.9277705631326484e-06,2.7661204883194516e-26,1.537997103149608e-250
2.365683246836086e-08,4.9682163471944324e-06,4.9682163471944324e-06,2.0138735850403072e-26,4.2777189838522444e-251
2.420880146463368e-08,4.992368051940891e-06,4.992368051940891e-06,1.464035384109855e-26,1.188029542623726e-251
2.4773649183079314e-08,4.999985747650156e-06,4.999985747650156e-06,1.062745309054761e-26,3.2945832437497984e-252
2.5351676114279366e-08,4.990993597120774e-06,4.990993597120774e-06,7.703091839708565e-27,9.122880495182364e-253
2.594318975996074e-08,4.965481112595832e-06,4.965481112595832e-06,5.575184068465637e-27,2.5224452125310355e-253
2.6548504796581715e-08,4.923701672324867e-06,4.923701672324867e-06,4.029132975687391e-27,6.964176255189343e-254
2.7167943242735195e-08,4.866068331143459e-06,4.866068331143459e-06,2.9075168946254032e-27,1.9198885638438533e-254
2.7801834630457816e-08,4.793147021939801e-06,4.793147021939801e-06,2.0950343532134334e-27,5.284945887433279e-255
2.8450516180536075e-08,4.705647304490446e-06,4.705647304490446e-06,1.5073645801991813e-27,1.4526578116269137e-255
2.911433298190279e-08,4.604410873134355e-06,4.604410873134355e-06,1.0829383138895185e-27,3.986982766330793e-256
2.979363817521925e-08,4.49039808353421e-06,4.49039808353421e-06,7.768682774174838e-28,1.0926564875836464e-256
3.048879314074081e-08,4.364672799985581e-06,4.364672799985581e-06,5.564796821342201e-28,2.990068891326393e-257
3.120016769056582e-08,4.228385897288432e-06,4.228385897288432e-06,3.9802421299798065e-28,8.170281051398432e-258
3.192814026537012e-08,4.082757774302939e-06,4.082757774302939e-06,2.8426796991378632e-28,2.229210363641834e-258
3.267309813573191e-08,3.929060249511426e-06,3.929060249511426e-06,2.0272374448128575e-28,6.073280870166983e-259
3.343543760815394e-08,3.7685982120731333e-06,3.7685982120731333e-06,1.443575711864322e-28,1.652166967671476e-259
3.4215564235892356e-08,3.6026913951925853e-06,3.6026913951925853e-06,1.0264381119863683e-28,4.487895740532572e-260
3.5013893034705786e-08,3.432656622641324e-06,3.432656622641324e-06,7.287594972117287e-29,1.2172781850639389e-260
3.583084870363645e-08,3.2597908547821678e-06,3.2597908547821678e-06,5.166470352779006e-29,3.2968195329861355e-261
3.66668658509449e-08,3.0853553284863556e-06,3.0853553284863556e-06,3.657311160685806e-29,8.915768140051407e-262
3.7522389225313985e-08,2.910561047162665e-06,2.910561047162665e-06,2.585164221329942e-29,2.4075793670288978e-262
3.8397873952449705e-08,2.736555834118057e-06,2.736555834118057e-06,1.8246207846222911e-29,6.491733986582316e-263
3.929378577720011e-08,2.5644131161316638e-06,2.5644131161316638e-06,1.2859241554116197e-29,1.7478295338989046e-263
4.0210601311325885e-08,2.3951225559596027e-06,2.3951225559596027e-06,9.049328352388534e-30,4.698894425663034e-264
4.114880828704941e-08,2.229582603996118e-06,2.229582603996118e-06,6.358806284522844e-30,1.2613934078399546e-264
4.2108905816522387e-08,2.0685949919100303e-06,2.0685949919100303e-06,4.4616253440145066e-30,3.381144115488609e-265
4.309140465734481e-08,1.912861146065332e-06,1.912861146065332e-06,3.125855211862215e-30,9.049718350559908e-266
4.409682748428131e-08,1.7629804570515306e-06,1.7629804570515306e-06,2.186768819855753e-30,2.4186036261040833e-266
4.5125709167315986e-08,1.6194503046593673e-06,1.6194503046593673e-06,1.5275489764682655e-30,6.454351184167281e-267
4.617859705619533e-08,1.4826677058764655e-06,1.4826677058764655e-06,1.0654809024868211e-30,1.7198823504157333e-267
4.725605127161014e-08,1.3529324274770115e-06,1.3529324274770115e-06,7.42086364860533e-31,4.576180469758866e-268
4.835864500317141e-08,1.2304513848390045e-06,1.2304513848390045e-06,5.1608530076214645e-31,1.2158102558153737e-268
4.9486964814338673e-08,1.115344134829802e-06,1.115344134829802e-06,3.5838249030168025e-31,3.2254232886150205e-269
5.064161095446302e-08,1.0076492628394269e-06,1.0076492628394269e-06,2.4850225380431203e-31,8.544091446377618e-270
5.182319767811085e-08,9.073314620164933e-07,9.073314620164933e-07,1.7205691695424362e-31,2.259973330283571e-270
5.303235357183812e-08,8.142891060195084e-07,8.142891060195084e-07,1.1895212284553738e-31,5.968964500215555e-271
5.426972188858921e-08,7.283621245614414e-07,7.283621245614414e-07,8.21165156043232e-32,1.5741747193442888e-271
5.553596088989728e-08,6.493400030244093e-07,6.493400030244093e-07,5.66039950907853e-32,4.145387435162863e-272
5.6831744196070915e-08,5.769697427201711e-07,5.769697427201711e-07,3.896026587538159e-32,1.090022783421624e-272
5.81577611445484e-08,5.109636362075762e-07,5.109636362075762e-07,2.6776573117640654e-32,2.861964748116154e-273
5.9514717156616775e-08,4.5100673168105373e-07,4.5100673168105373e-07,1.8375803309381693e-32,7.503281502292229e-274
6.09033341126836e-08,3.96763881078528e-07,3.96763881078528e-07,1.2592035167888696e-32,1.964248617437006e-274
6.23243507363086e-08,3.4788628752487027e-07,3.4788628752487027e-07,8.61596206071906e-33,5.1345209196740836e-275
6.377852298719147e-08,3.0401748840695437e-07,3.0401748840695437e-07,5.886672618031281e-33,1.3401754400747256e-275
6.526662446333336e-08,2.64798730218918e-07,2.64798730218918e-07,4.01600500061949e-33,3.492863691439423e-276
6.678944681257737e-08,2.298737098681194e-07,2.298737098681194e-07,2.7357528598760553e-33,9.089916131286994e-277
6.834780015375551e-08,1.9889267403089763e-07,1.9889267403089763e-07,1.8608772845178054e-33,2.362089615762121e-277
6.994251350765791e-08,1.7151588312824427e-07,1.7151588312824427e-07,1.2639120746574087e-33,6.12902115275292e-278
7.1574435238061e-08,1.4741645938062751e-07,1.4741645938062751e-07,8.571843766463776e-34,1.58797669955227e-278
7.324443350304373e-08,1.262826491143202e-07,1.262826491143202e-07,5.804835091744153e-34,4.108236027877113e-279
7.495339671683493e-08,1.0781953801931897e-07,1.0781953801931897e-07,3.925218000424479e-34,1.0612675953470969e-279
7.67022340224364e-08,9.175026446328792e-08,9.175026446328792e-08,2.6503054690234218e-34,2.737490849938165e-280
7.84918757752735e-08,7.781678036387659e-08,7.781678036387659e-08,1.7868427706636278e-34,7.050805009276135e-281
8.032327403813038e-08,6.578021167618461e-08,6.578021167618461e-08,1.202915169641173e-34,1.813355643371264e-281
8.219740308763323e-08,5.542087145893463e-08,5.542087145893463e-08,8.086152351923078e-35,4.6567779266702594e-282
8.411525993255094e-08,4.65379779597342e-08,4.65379779597342e-08,5.427590745505778e-35,1.1941154648185156e-282
8.607786484418891e-08,3.894912843582125e-08,3.894912843582125e-08,3.6377305101924984e-35,3.057492312010216e-283
8.808626189915822e-08,3.248957673259421e-08,3.248957673259421e-08,2.4345136142249594e-35,7.817046226254171e-284
9.01415195348089e-08,2.701135920308458e-08,2.701135920308458e-08,1.6268673682904711e-35,1.9956218130339038e-284
9.224473111762277e-08,2.238230957931951e-08,2.238230957931951e-08,1.0855512817034978e-35,5.087120911572804e-285
9.439701552486735e-08,1.848499909572664e-08,1.848499909572664e-08,7.232805665208348e-36,1.2948639311377253e-285
9.659951773982387e-08,1.521563368833316e-08,1.521563368833316e-08,4.8119544097623693e-36,3.2910498659262636e-286
9.885340946089853e-08,1.2482935601012027e-08,1.2482935601012027e-08,3.1966454303207514e-36,8.352241584128096e-287
1.0115988972495176e-07,1.0207032346045505e-08,1.0207032346045505e-08,2.120438525886937e-36,2.1165566067147058e-287
1.0352018554516474e-07,8.3183717912019e-09,8.3183717912019e-09,1.4044787119070775e-36,5.355684489017657e-288
1.0593555256379543e-07,6.756678255602123e-09,6.756678255602123e-09,9.288870134124202e-37,1.353188617431347e-288
1.0840727572015831e-07,5.469960946532114e-09,5.469960946532114e-09,6.134354600751252e-37,3.413971910163379e-289
1.1093666993419626e-07,4.41358289335243e-09,4.41358289335243e-09,4.045135918350024e-37,8.600422893955477e-290
1.1352508080599503e-07,3.5493957498787763e-09,3.5493957498787763e-09,2.6635178765105663e-37,2.1634054796474776e-290
1.1617388533162597e-07,2.8449434451706774e-09,2.8449434451706774e-09,1.7512025013198415e-37,5.433933257185484e-291
1.1888449263568403e-07,2.272735654626192e-09,2.272735654626192e-09,1.1496757673520485e-37,1.3628527347409927e-291
1.2165834472092366e-07,1.8095904190902907e-09,1.8095904190902907e-09,7.536550989056732e-38,3.413043439276681e-292
1.2449691723538166e-07,1.436043932809492e-09,1.436043932809492e-09,4.933193625755721e-38,8.534792309744629e-293
1.2740172025740017e-07,1.1358245200523088e-09,1.1358245200523088e-09,3.224348213220173e-38,2.1310927634138323e-293
1.3037429909896587e-07,8.953870908311072e-10,8.953870908311072e-10,2.104330590406011e-38,5.313369361150413e-294
1.3341623512779304e-07,7.035038729566584e-10,7.035038729566584e-10,1.3713371944700493e-38,1.3228052673176954e-294
1.3652914660858753e-07,5.509069254228697e-10,5.509069254228697e-10,8.923450071571299e-39,3.2883654738561204e-295
1.397146895639397e-07,4.299778129602628e-10,4.299778129602628e-10,5.798018493749018e-39,8.162486941040131e-296
1.4297455865530358e-07,3.3447983175943465e-10,3.3447983175943465e-10,3.761704270977912e-39,2.0231271343137577e-296
1.463104880845317e-07,2.5932829282354117e-10,2.5932829282354117e-10,2.4369575253576804e-39,5.007052049492848e-297
1.497242525164446e-07,2.0039456621434204e-10,2.0039456621434204e-10,1.57641124812323e-39,1.2373691749824057e-297
1.5321766802292611e-07,1.543398439214369e-10,1.543398439214369e-10,1.0182381062620681e-39,3.0533369630463774e-298
1.5679259304904697e-07,1.1847487180009063e-10,1.1847487180009063e-10,6.5673085710738e-40,7.523300921284122e-299
1.6045092940172824e-07,9.064221576159883e-11,9.064221576159883e-11,4.229448632486244e-40,1.8509742927205348e-299
1.6419462326147788e-07,6.91179509289458e-11,6.91179509289458e-11,2.719808599730157e-40,4.547268479233533e-300
1.6802566621772498e-07,5.2529984299989705e-11,5.2529984299989705e-11,1.746430012744856e-40,1.1154729973197416e-300
1.7194609632832096e-07,3.9790533555322524e-11,3.9790533555322524e-11,1.1197531308997462e-40,2.7322836441150248e-301
1.7595799920375054e-07,3.004058111923971e-11,3.004058111923971e-11,7.168885439775858e-41,6.682681436552022e-302
1.8006350911665116e-07,2.2604399373261204e-11,2.2604399373261204e-11,4.582888075173405e-41,1.6320519957681548e-302
1.8426481013720853e-07,1.6952497507758348e-11,1.6952497507758348e-11,2.925399057353279e-41,3.979930412177224e-303
1.8856413729505529e-07,1.267157159948676e-11,1.267157159948676e-11,1.8646152807834066e-41,9.691147911488091e-304
1.929637777682675e-07,9.440246830417892e-12,9.440246830417892e-12,1.1867291673517834e-41,2.3563143121173548e-304
1.9746607210011561e-07,7.009584781306189e-12,7.009584781306189e-12,7.541752045850648e-42,5.720703983555114e-305
2.0207341544419258e-07,5.187490463459669e-12,5.187490463459669e-12,4.785762459270922e-42,1.3868324221848193e-305
2.0678825883860451e-07,3.826294601039144e-12,3.826294601039144e-12,3.0324125350330516e-42,3.357041827038012e-306
2.116131105098844e-07,2.8129082957141957e-12,2.8129082957141957e-12,1.918596657034949e-42,8.114238601531747e-307
2.1655053720733157e-07,2.0610513778268453e-12,2.0610513778268453e-12,1.2120968966372552e-42,1.9583803890186758e-307
2.216031655684844e-07,1.5051442969225903e-12,1.5051442969225903e-12,7.646263333702876e-43,4.719593394081764e-308
2.267736835164522e-07,1.0955281262930822e-12,1.0955281262930822e-12,4.816365291456235e-43,1.1357176452491377e-308
2.320648416898503e-07,7.94739871645257e-13,7.94739871645257e-13,3.029338755006648e-43,2.72894270562128e-309
2.3747945490609903e-07,5.746223937537837e-13,5.746223937537837e-13,1.9025431676231134e-43,6.54751825248965e-310
2.4302040365886457e-07,4.140913583662839e-13,4.140913583662839e-13,1.1931071646007727e-43,1.56861828622474e-310
2.4869063565043873e-07,2.974170508853319e-13,2.974170508853319e-13,7.471067212703234e-44,3.7524601157554e-311
2.5449316735987333e-07,2.1290783012287497e-13,2.1290783012287497e-13,4.671368082301085e-44,8.96340772535e-312
2.6043108564769955e-07,1.5190549348515958e-13,1.5190549348515958e-13,2.916512151497836e-44,2.13790535294e-312
2.665075493980973e-07,1.080217978750005e-13,1.080217978750005e-13,1.818200392131931e-44,5.0916911566e-313
2.7272579119936695e-07,7.656061225421475e-14,7.656061225421475e-14,1.1318215524124712e-44,1.2108598727e-313
2.79089119063627e-07,5.4082339445510664e-14,5.4082339445510664e-14,7.035134872073432e-45,2.875305379e-314
2.8560091818661794e-07,3.807690292155871e-14,3.807690292155871e-14,4.366416421529581e-45,6.81761264e-315
2.922646527485854e-07,2.6719223888459312e-14,2.6719223888459312e-14,2.7060519585338188e-45,1.61413154e-315
2.990838677571634e-07,1.868710976742546e-14,1.868710976742546e-14,1.6745779423373622e-45,3.8159597e-316
3.0606219093327464e-07,1.3026163033764588e-14,1.3026163033764588e-14,1.0347438579707642e-45,9.0079694e-317
3.1320333464101484e-07,9.049966206419046e-15,9.049966206419046e-15,6.3843781664148695e-46,2.1232847e-317
3.205110978625849e-07,6.266621737076764e-15,6.266621737076764e-15,3.933350118351073e-46,4.997444e-318
3.279893682192834e-07,4.324900091259535e-15,4.324900091259535e-15,2.419718604841242e-46,1.17448e-318
3.3564212403967045e-07,2.974916313000471e-15,2.974916313000471e-15,1.4863646815390315e-46,2.75615e-319
3.43473436475976e-07,2.0395272026547003e-15,2.0395272026547003e-15,9.116836082154222e-47,6.4584e-320
3.514874716698928e-07,1.3936070236651694e-15,1.3936070236651694e-15,5.583688360310224e-47,1.511e-320
3.596884929689019e-07,9.490896251916006e-16,9.490896251916006e-16,3.4147306421282833e-47,3.533e-321
3.6808086319431026e-07,6.442140625228497e-16,6.442140625228497e-16,2.0852109069121486e-47,8.25e-322
3.766690469622064e-07,4.3582210180624507e-16,4.3582210180624507e-16,1.2714573002531054e-47,1.93e-322
3.854576130585699e-07,2.938626401238007e-16,2.938626401238007e-16,7.741263086739054e-48,4.4e-323
3.9445123686979757e-07,1.974856649305633e-16,1.974856649305633e-16,4.7063056655957715e-48,1e-323
4.0365470286993947e-07,1.3227654789762638e-16,1.3227654789762638e-16,2.8569766385337496e-48,0.0
4.13072907165968e-07,8.830518471995414e-17,8.830518471995414e-17,1.7317751507589616e-48,0.0
4.227108601024337e-07,5.875510809354142e-17,5.875510809354142e-17,1.0481768745002155e-48,0.0
4.32573688926895e-07,3.896378435529733e-17,3.896378435529733e-17,6.3348436365078674e-49,0.0
4.426666405175334e-07,2.5753289376636374e-17,2.5753289376636374e-17,3.822922387381311e-49,0.0
4.529950841744241e-07,1.6965253750480012e-17,1.6965253750480012e-17,2.3036331431508213e-49,0.0
4.635645144759104e-07,1.1138945704449495e-17,1.1138945704449495e-17,1.3860835554015248e-49,0.0
4.743805542016523e-07,7.289267522428315e-18,7.289267522428315e-18,8.327674840540989e-50,0.0
4.854489573238464e-07,4.754225391715747e-18,4.754225391715747e-18,4.995930218475097e-50,0.0
4.967756120682694e-07,3.0905211510869477e-18,3.0905211510869477e-18,2.992727838339845e-50,0.0
5.0836654404671e-07,2.0023488763148493e-18,2.0023488763148493e-18,1.7900960692513408e-50,0.0
5.202279194625219e-07,1.2930158597830803e-18,1.2930158597830803e-18,1.069162480870774e-50,0.0
5.323660483909346e-07,8.321929466378434e-19,8.321929466378434e-19,6.376308732302244e-51,0.0
5.447873881359373e-07,5.338266910623866e-19,5.338266910623866e-19,3.797110356188368e-51,0.0
5.574985466654522e-07,3.412971122528958e-19,3.412971122528958e-19,2.2578514098952556e-51,0.0
5.705062861266868e-07,2.174808481962701e-19,2.174808481962701e-19,1.340589307723511e-51,0.0
5.838175264434902e-07,1.381228394686567e-19,1.381228394686567e-19,7.947936719962043e-52,0.0
5.974393489976511e-07,8.74311222059995e-20,8.74311222059995e-20,4.705126517558009e-52,0.0
6.113790003960869e-07,5.515980000928272e-20,5.515980000928272e-20,2.781291231288669e-52,0.0
6.256438963259316e-07,3.4684496013229505e-20,3.4684496013229505e-20,1.6416473993852474e-52,0.0
6.402416254995701e-07,2.1737228415657286e-20,2.1737228415657286e-20,9.675458514206952e-53,0.0
6.551799536917211e-07,1.3577788045542642e-20,1.3577788045542642e-20,5.69405270745092e-53,0.0
6.70466827870713e-07,8.452982230888772e-21,8.452982230888772e-21,3.346028735601571e-53,0.0
6.861103804261534e-07,5.245017752213578e-21,5.245017752213578e-21,1.9633426704457747e-53,0.0
7.02118933495239e-07,3.2436952443230637e-21,3.2436952443230637e-21,1.1503256405004639e-53,0.0
7.185010033900086e-07,1.999351721564905e-21,1.999351721564905e-21,6.729824682795618e-54,0.0
7.352653051278966e-07,1.2282716646624585e-21,1.2282716646624585e-21,3.9313793916767543e-54,0.0
7.524207570679844e-07,7.520656281932106e-22,7.520656281932106e-22,2.2932131237668865e-54,0.0
7.699764856554515e-07,4.589581889042386e-22,4.589581889042386e-22,1.3356791170200935e-54,0.0
7.87941830276686e-07,2.7915575204320594e-22,2.7915575204320594e-22,7.768159050756865e-55,0.0
8.063263482277235e-07,1.6922951667658946e-22,1.6922951667658946e-22,4.51120266145078e-55,0.0
8.251398197985615e-07,1.0224962465682067e-22,1.0224962465682067e-22,2.6159221921973586e-55,0.0
8.443922534761537e-07,6.157485616916685e-23,6.157485616916685e-23,1.5146614154032224e-55,0.0
8.6409389126875e-07,3.695737910454842e-23,3.695737910454842e-23,8.757185676707509e-56,0.0
8.842552141545191e-07,2.2108282176039718e-23,2.2108282176039718e-23,5.055589573184879e-56,0.0
9.04886947657246e-07,1.3181502257077061e-23,1.3181502257077061e-23,2.914320535652641e-56,0.0
9.260000675521785e-07,7.833049895149298e-24,7.833049895149298e-24,1.6774944010167093e-56,0.0
9.476058057049499e-07,4.639305295412571e-24,4.639305295412571e-24,9.641466524489016e-57,0.0
9.69715656046784e-07,2.7386156639173116e-24,2.7386156639173116e-24,5.533289230102856e-57,0.0
9.923413806890871e-07,1.6112587846571482e-24,1.6112587846571482e-24,3.170895294527696e-57,0.0
1.0154950161807172e-06,9.448341537838694e-25,9.448341537838694e-25,1.814423603554195e-57,0.0
1.0391888799112494e-06,5.522070469315898e-25,5.522070469315898e-25,1.036701502556063e-57,0.0
1.0634355766636437e-06,3.216654238151286e-25,3.216654238151286e-25,5.914622413616372e-58,0.0
1.0882480053198017e-06,1.8675098102883355e-25,1.8675098102883355e-25,3.3694465936438914e-58,0.0
1.113639365722581e-06,1.0806311405563349e-25,1.0806311405563349e-25,1.9166745894383925e-58,0.0
1.1396231656979138e-06,6.232296982658311e-26,6.232296982658311e-26,1.0886704849989628e-58,0.0
1.16621322824077e-06,3.582406607682773e-26,3.582406607682773e-26,6.1745138381096475e-59,0.0
1.1934236988687848e-06,2.0523796014753878e-26,2.0523796014753878e-26,3.496772220710755e-59,0.0
1.2212690531474635e-06,1.1719162521400628e-26,1.1719162521400628e-26,1.977380167765047e-59,0.0
1.249764104390967e-06,6.66947332454589e-27,6.66947332454589e-27,1.1165322208573135e-59,0.0
1.2789240115425747e-06,3.783054325410701e-27,3.783054325410701e-27,6.295215512719248e-60,0.0
1.3087642872390166e-06,2.138699122078629e-27,2.138699122078629e-27,3.544118221071421e-60,0.0
1.3393008060629678e-06,1.2050716780889867e-27,1.2050716780889867e-27,1.9923427491016463e-60,0.0
1.3705498129880797e-06,6.76756044545007e-28,6.76756044545007e-28,1.118351082938778e-60,0.0
1.4025279320210803e-06,3.787978300067997e-28,3.787978300067997e-28,6.268310879300665e-61,0.0
1.4352521750454879e-06,2.1131917021183e-28,2.1131917021183e-28,3.508174178860876e-61,0.0
1.4687399508716825e-06,1.1749689396377374e-28,1.1749689396377374e-28,1.9605143421910427e-61,0.0
1.5030090744981337e-06,6.511333666732226e-29,6.511333666732226e-29,1.0939995804371332e-61,0.0
1.5380777765887154e-06,3.596413265295578e-29,3.596413265295578e-29,6.09568537125932e-62,0.0
1.5739647131711471e-06,1.979818171776158e-29,1.979818171776158e-29,3.391455990916256e-62,0.0
1.6106889755617235e-06,1.0862682766129906e-29,1.0862682766129906e-29,1.8841179387777342e-62,0.0
1.6482701005216102e-06,5.940253273357543e-30,5.940253273357543e-30,1.045173136777058e-62,0.0
1.686728080650111e-06,3.237642581487397e-30,3.237642581487397e-30,5.789307914682025e-63,0.0
1.7260833750204317e-06,1.758769475097401e-30,1.758769475097401e-30,3.2020146500370316e-63,0.0
1.766356920063604e-06,9.522369091567853e-31,9.522369091567853e-31,1.7683907556679767e-63,0.0
1.8075701407063547e-06,5.138509663792469e-31,5.138509663792469e-31,9.751948811130187e-64,0.0
1.8497449617688478e-06,2.7636651339611915e-31,2.7636651339611915e-31,5.369858546952235e-64,0.0
1.8929038196283628e-06,1.4814593413187149e-31,1.4814593413187149e-31,2.9525178642061136e-64,0.0
1.9370696741551137e-06,7.914985602208793e-32,7.914985602208793e-32,1.6209905312725747e-64,0.0
1.9822660209265584e-06,4.214699317297255e-32,4.214699317297255e-32,8.886416770556841e-65,0.0
2.0285169037266956e-06,2.2368617324416024e-32,2.2368617324416024e-32,4.86442075732164e-65,0.0
2.0758469273370016e-06,1.183226146482991e-32,1.183226146482991e-32,2.6588500421235714e-65,0.0
2.1242812706258063e-06,6.238101708445725e-33,6.238101708445725e-33,1.4511583686145783e-65,0.0
2.1738456999430764e-06,3.277881280224151e-33,3.277881280224151e-33,7.908498435079509e-66,0.0
2.224566582827733e-06,1.7166828321206083e-33,1.7166828321206083e-33,4.303596156912181e-66,0.0
2.276470902034791e-06,8.960721571831217e-34,8.960721571831217e-34,2.3384454570404327e-66,0.0
2.329586269889767e-06,4.661782180941756e-34,4.661782180941756e-34,1.2687651293190368e-66,0.0
2.3839409429780535e-06,2.4172248323592398e-34,2.4172248323592398e-34,6.873745984747998e-67,0.0
2.439563837176981e-06,1.2492178811253428e-34,1.2492178811253428e-34,3.71846741111532e-67,0.0
2.4964845430386426e-06,6.434508992565425e-35,6.434508992565425e-35,2.0085966590137407e-67,0.0
2.5547333415316237e-06,3.303305249640732e-35,3.303305249640732e-35,1.0833773408738564e-67,0.0
2.6143412201500304e-06,1.6901999252616341e-35,1.6901999252616341e-35,5.834787120136944e-68,0.0
2.6753398893983734e-06,8.619528779088193e-36,8.619528779088193e-36,3.1378237001040408e-68,0.0
2.7377617996610837e-06,4.381118954586138e-36,4.381118954586138e-36,1.6849628030538924e-68,0.0
2.8016401584656354e-06,2.2194360784342035e-36,2.2194360784342035e-36,9.034629608452588e-69,0.0
2.8670089481484574e-06,1.1206146947205824e-36,1.1206146947205824e-36,4.837139839834311e-69,0.0
2.9339029439330286e-06,5.639311181628392e-37,5.639311181628392e-37,2.5859801614157536e-69,0.0
3.0023577324297797e-06,2.8284719881844017e-37,2.8284719881844017e-37,1.380447804800527e-69,0.0
3.072409730567643e-06,1.4139491116851451e-37,1.4139491116851451e-37,7.358224732288813e-70,0.0
3.144096204967312e-06,7.044850024339228e-38,7.044850024339228e-38,3.9163758217577635e-70,0.0
3.217455291766534e-06,3.4983704810432693e-38,3.4983704810432693e-38,2.081392231863854e-70,0.0
3.2925260169079653e-06,1.73147379414228e-38,1.73147379414228e-38,1.1045407771070087e-70,0.0
3.369348316900392e-06,8.541263520613778e-39,8.541263520613778e-39,5.852855925620883e-71,0.0
3.447963060064359e-06,4.199372450577201e-39,4.199372450577201e-39,3.0967929473058842e-71,0.0
3.528412068273509e-06,2.057798013251725e-39,2.057798013251725e-39,1.6361185195344508e-71,0.0
3.6107381392031964e-06,1.005025700441056e-39,1.005025700441056e-39,8.631287990811856e-72,0.0
3.694985069098213e-06,4.892239017173152e-40,4.892239017173152e-40,4.546683359669462e-72,0.0
3.7811976760717483e-06,2.3735273558137323e-40,2.3735273558137323e-40,2.391509268652667e-72,0.0
3.869421823947925e-06,1.1477224884642871e-40,1.1477224884642871e-40,1.256052182085e-72,0.0
3.959704446660722e-06,5.531407017380056e-41,5.531407017380056e-41,6.587210652055151e-73,0.0
4.052093573222093e-06,2.6569930389701505e-41,2.6569930389701505e-41,3.449480365035784e-73,0.0
4.146638353272695e-06,1.2720415347270821e-41,1.2720415347270821e-41,1.8036989736722603e-73,0.0
4.243389083228772e-06,6.069714209034955e-42,6.069714209034955e-42,9.4174363752415e-74,0.0
4.342397233039089e-06,2.8866309844406113e-42,2.8866309844406113e-42,4.909752354060217e-74,0.0
4.4437154735661865e-06,1.3682654797481741e-42,1.3682654797481741e-42,2.555905161266644e-74,0.0
4.5473977046064985e-06,6.464062496901473e-43,6.464062496901473e-43,1.3285813097499696e-74,0.0
4.653499083564233e-06,3.0436646370440885e-43,3.0436646370440885e-43,6.895881626114889e-75,0.0
4.762076054794297e-06,1.4283811999232142e-43,1.4283811999232142e-43,3.573960207523465e-75,0.0
4.873186379629851e-06,6.681093162789649e-44,6.681093162789649e-44,1.849557695568322e-75,0.0
4.986889167110482e-06,3.114633892828177e-44,3.114633892828177e-44,9.557500064268628e-76,0.0
5.103244905427326e-06,1.4471800199228796e-44,1.4471800199228796e-44,4.9314994784979055e-76,0.0
5.222315494101893e-06,6.701842016176967e-45,6.701842016176967e-45,2.5408084735860483e-76,0.0
5.344164276915689e-06,3.0932989142453084e-45,3.0932989142453084e-45,1.307143062768732e-76,0.0
5.468856075608166e-06,1.423002514860623e-45,1.423002514860623e-45,6.714792107418091e-77,0.0
5.596457224360916e-06,6.524474248192108e-46,6.524474248192108e-46,3.4442944817794084e-77,0.0
5.727035605086481e-06,2.981545561703846e-46,2.981545561703846e-46,1.7641123328332992e-77,0.0
5.860660683540511e-06,1.3579802523037099e-46,1.3579802523037099e-46,9.022158491024143e-78,0.0
5.997403546276514e-06,6.164552193064576e-47,6.164552193064576e-47,4.607368232957887e-78,0.0
6.137336938462851e-06,2.78911029451133e-47,2.78911029451133e-47,2.349382074596109e-78,0.0
6.280535302582084e-06,1.257725651743486e-47,1.257725651743486e-47,1.196224336766691e-78,0.0
6.4270748180332306e-06,5.652781825569599e-48,5.652781825569599e-48,6.081768323833022e-79,0.0
6.577033441658138e-06,2.5321801746268558e-48,2.5321801746268558e-48,3.0874886271522845e-79,0.0
6.73049094921332e-06,1.1305325212018403e-48,1.1305325212018403e-48,1.5650892787666405e-79,0.0
6.887528977809474e-06,5.0306904014822454e-49,5.0306904014822454e-49,7.921932215068209e-80,0.0
7.0482310693412235e-06,2.2311470621472887e-49,2.2311470621472887e-49,4.003883046281848e-80,0.0
7.212682714930152e-06,9.862451451935302e-50,9.862451451935302e-50,2.020644439625381e-80,0.0
7.38097140040481e-06,4.345078580650536e-50,4.345078580650536e-50,1.0182552845380847e-80,0.0
7.553186652841878e-06,1.9079477051209823e-50,1.9079477051209823e-50,5.123676494591062e-81,0.0
7.729420088193235e-06,8.350094184545527e-51,8.350094184545527e-51,2.5743345464141857e-81,0.0
7.909765460024282e-06,3.6422718432803784e-51,3.6422718432803784e-51,1.2915360244032717e-81,0.0
8.09431870938945e-06,1.5834684482196478e-51,1.5834684482196478e-51,6.470030374455245e-82,0.0
8.283178015871404e-06,6.86123899235969e-52,6.86123899235969e-52,3.2364162299871815e-82,0.0
8.476443849811126e-06,2.9631371618226563e-52,2.9631371618226563e-52,1.6165184916475306e-82,0.0
8.674219025756638e-06,1.2754312056415311e-52,1.2754312056415311e-52,8.062231031625698e-83,0.0
8.876608757158817e-06,5.471651104774546e-53,5.471651104774546e-53,4.0150231807937235e-83,0.0
9.083720712343381e-06,2.339568853714253e-53,2.339568853714253e-53,1.996545125904344e-83,0.0
9.295665071788838e-06,9.970325574642712e-54,9.970325574642712e-54,9.913533072205848e-84,0.0
9.512554586740861e-06,4.234858702364076e-54,4.234858702364076e-54,4.9151417213075895e-84,0.0
9.734504639194271e-06,1.7927700328559106e-54,1.7927700328559106e-54,2.4333349008042083e-84,0.0
9.961633303274544e-06,7.56425775128001e-55,7.56425775128001e-55,1.2028901852368895e-84,0.0
1.019406140805149e-05,3.181003368916663e-55,3.181003368916663e-55,5.937564401490064e-85,0.0
1.0431912601818537e-05,1.3332697153100288e-55,1.3332697153100288e-55,2.926502778187267e-85,0.0
1.0675313417871702e-05,5.569650901108829e-56,5.569650901108829e-56,1.4402828981336272e-85,0.0
1.0924393341823552e-05,2.3189640223375016e-56,2.3189640223375016e-56,7.077908154492562e-86,0.0
1.1179284880487524e-05,9.623124884066436e-57,9.623124884066436e-57,3.4731240656324534e-86,0.0
1.1440123632369623e-05,3.980102972491232e-57,3.980102972491232e-57,1.7017428222341207e-86,0.0
1.1707048359804788e-05,1.640697701848129e-57,1.640697701848129e-57,8.325796916219565e-87,0.0
1.1980201062776399e-05,6.74091586412986e-58,6.74091586412986e-58,4.067391295095395e-87,0.0
1.225972705445816e-05,2.7603574141452654e-58,2.7603574141452654e-58,1.9841036315344514e-87,0.0
1.2545775038518533e-05,1.1265949649821198e-58,1.1265949649821198e-58,9.664313395216092e-88,0.0
1.2838497188228886e-05,4.582752135763277e-59,4.582752135763277e-59,4.7004118594432555e-88,0.0
1.3138049227417409e-05,1.8579798780951188e-59,1.8579798780951188e-59,2.2827538163710992e-88,0.0
1.3444590513311867e-05,7.50778313389053e-60,7.50778313389053e-60,1.1069818425531218e-88,0.0
1.3758284121315284e-05,3.0236986609738393e-60,3.0236986609738393e-60,5.360189860080943e-89,0.0
1.407929693175962e-05,1.2137280004114276e-60,1.2137280004114276e-60,2.5916604666094543e-89,0.0
1.4407799718683632e-05,4.855794623353259e-61,4.855794623353259e-61,1.2512217664612674e-89,0.0
1.4743967240682124e-05,1.9362227735253356e-61,1.9362227735253356e-61,6.031825005235603e-90,0.0
1.5087978333874909e-05,7.694960824944415e-62,7.694960824944415e-62,2.9034973332599606e-90,0.0
1.5440016007044968e-05,3.0479902798423046e-62,3.0479902798423046e-62,1.3955724431143234e-90,0.0
1.580026753899641e-05,1.2033080371108633e-62,1.2033080371108633e-62,6.697945274120209e-91,0.0
1.6168924578183995e-05,4.734739966989953e-63,4.734739966989953e-63,3.20988194495546e-91,0.0
1.6546183244667264e-05,1.856827342656844e-63,1.856827342656844e-63,1.5360126088647671e-91,0.0
1.69322442344435e-05,7.25776643976827e-64,7.25776643976827e-64,7.339369575466639e-92,0.0
1.7327312926215e-05,2.827421323022128e-64,2.827421323022128e-64,3.5017165549949385e-92,0.0
1.773159949064753e-05,1.0978275997511864e-64,1.0978275997511864e-64,1.6682513201261815e-92,0.0
1.8145319002177867e-05,4.248482523805854e-65,4.248482523805854e-65,7.935973714189547e-93,0.0
1.8568691553430375e-05,1.6386628297057095e-65,1.6386628297057095e-65,3.7696169346320603e-93,0.0
1.90019423723029e-05,6.299432755036996e-66,6.299432755036996e-66,1.7879380816458024e-93,0.0
1.9445301941784673e-05,2.4136225864058743e-66,2.4136225864058743e-66,8.467710176939481e-94,0.0
1.9899006122569845e-05,9.21707992548644e-67,9.21707992548644e-67,4.0044027522892983e-94,0.0
2.036329627853186e-05,3.508111763482644e-67,3.508111763482644e-67,1.890896565384596e-94,0.0
2.0838419405125446e-05,1.3307901067724667e-67,1.3307901067724667e-67,8.915712394753283e-95,0.0
2.132462826078452e-05,5.03154987026887e-68,5.03154987026887e-68,4.197614811085455e-95,0.0
2.1822181501385917e-05,1.896051261657528e-68,1.896051261657528e-68,1.9733647781235633e-95,0.0
2.2331343817850465e-05,7.121220660697854e-69,7.121220660697854e-69,9.263399983623734e-96,0.0
2.285238607695462e-05,2.6657221882288827e-69,2.6657221882288827e-69,4.342018974150094e-96,0.0
2.3385585465427556e-05,9.945609557238703e-70,9.945609557238703e-70,2.0322225810736105e-96,0.0
2.3931225637410383e-05,3.6983158599954266e-70,3.6983158599954266e-70,9.497495231420431e-97,0.0
2.448959686535594e-05,1.3706692486542834e-70,1.3706692486542834e-70,4.4320551032064254e-97,0.0
2.5060996194449395e-05,5.063110596341958e-71,5.063110596341958e-71,2.065187435047464e-97,0.0
2.5645727600631894e-05,1.864052903798665e-71,1.864052903798665e-71,9.608864130657386e-98,0.0
2.6244102152311212e-05,6.839984681256045e-72,6.839984681256045e-72,4.464192223553625e-98,0.0
2.6856438175845537e-05,2.5015437311456644e-72,2.5015437311456644e-72,2.0709612669031296e-98,0.0
2.7483061424888353e-05,9.11836862140669e-73,9.11836862140669e-73,9.593107734785455e-99,0.0
2.812430525368452e-05,3.312701207436335e-73,3.312701207436335e-73,4.437158300370893e-99,0.0
2.8780510794409796e-05,1.19950886542148e-73,1.19950886542148e-73,2.049315286825755e-99,0.0
2.9452027138648125e-05,4.3289316975143e-74,4.3289316975143e-74,9.450850475022439e-100,0.0
3.0139211523102924e-05,1.5570913070693349e-74,1.5570913070693349e-74,4.352023784644629e-100,0.0
3.084242951964206e-05,5.5821757016785215e-75,5.5821757016785215e-75,2.0011050315760845e-100,0.0
3.156205522977641e-05,1.9945686980116241e-75,1.9945686980116241e-75,9.187699097939325e-101,0.0
3.2298471483676335e-05,7.103143221095203e-76,7.103143221095203e-76,4.2121312803261735e-101,0.0
3.305207004383167e-05,2.5212053444278956e-76,2.5212053444278956e-76,1.9282142550283446e-101,0.0
3.3823251813463505e-05,8.919118661985003e-77,8.919118661985003e-77,8.813875987548203e-102,0.0
3.461242704979875e-05,3.144790653087582e-77,3.144790653087582e-77,4.022877773938779e-102,0.0
3.542001558232087e-05,1.1051408017670882e-77,1.1051408017670882e-77,1.833432795246929e-102,0.0
3.624644703611294e-05,3.8707895679935856e-78,3.8707895679935856e-78,8.343560297572995e-103,0.0
3.709216106041178e-05,1.3512558456439548e-78,1.3512558456439548e-78,3.7913692023176827e-103,0.0
3.795760756249481e-05,4.701448517916706e-79,4.701448517916706e-79,1.720279455059666e-103,0.0
3.8843246947024015e-05,1.6303537966039405e-79,1.6303537966039405e-79,7.79399608103278e-104,0.0
3.974955036097441e-05,5.634924593759033e-80,5.634924593759033e-80,3.5259781698473203e-104,0.0
4.067699994427719e-05,1.941111280879528e-80,1.941111280879528e-80,1.592785564069019e-104,0.0
4.1626089086311e-05,6.664519355179858e-81,6.664519355179858e-81,7.184445560199902e-105,0.0
4.259732268837776e-05,2.280569484492711e-81,2.280569484492711e-81,3.2358431448803393e-105,0.0
4.359121743230265e-05,7.778106036040993e-82,7.778106036040993e-82,1.4552577475365659e-105,0.0
4.4608302055301104e-05,2.6439941214305453e-82,2.6439941214305453e-82,6.535075877596521e-106,0.0
4.564911763125921e-05,8.957837632226025e-83,8.957837632226025e-83,2.9303507360069686e-106,0.0
4.671421785857692e-05,3.0248369013156426e-83,3.0248369013156426e-83,1.3120392589685295e-106,0.0
4.7804169354727384e-05,1.0180211810355946e-83,1.0180211810355946e-83,5.865868348778795e-107,0.0
4.89195519576891e-05,3.4148194062811835e-84,3.4148194062811835e-84,2.6186415145495154e-107,0.0
5.006095903441068e-05,1.1416546314787366e-84,1.1416546314787366e-84,1.167288055068141e-107,0.0
5.122899779647389e-05,3.8041516380909214e-85,3.8041516380909214e-85,5.1956308849714174e-108,0.0
5.24242896231207e-05,1.2633886548008469e-85,1.2633886548008469e-85,2.3091747170688714e-108,0.0
5.364747039181797e-05,4.1818861038529455e-86,4.1818861038529455e-86,1.0247868726017885e-108,0.0
5.489919081653474e-05,1.3796327760038078e-86,1.3796327760038078e-86,4.541178456537873e-109,0.0
5.6180116793912426e-05,4.536395193500399e-87,4.536395193500399e-87,2.009378911072487e-109,0.0
5.74909297575119e-05,1.4866691693981354e-87,1.4866691693981354e-87,8.877963733939056e-110,0.0
5.883232704032601e-05,4.8559461707198774e-88,4.8559461707198774e-88,3.916725621655764e-110,0.0
6.020502224575035e-05,1.5808456474320865e-88,1.5808456474320865e-88,1.7254055354796558e-110,0.0
6.160974562720967e-05,5.129335980454078e-89,5.129335980454078e-89,7.589575414143725e-111,0.0
6.30472444766418e-05,1.6587804243517414e-89,1.6587804243517414e-89,3.333512055489009e-111,0.0
6.45182835220459e-05,5.346538903027823e-90,5.346538903027823e-90,1.4619914577423593e-111,0.0
6.602364533430628e-05,1.7175628429806329e-90,1.7175628429806329e-90,6.402445581112521e-112,0.0
6.756413074350858e-05,5.499315249105918e-91,5.499315249105918e-91,2.79965948269244e-112,0.0
6.914055926496936e-05,1.75493353042004e-91,1.75493353042004e-91,1.2224265790889383e-112,0.0
7.075376953520608e-05,5.581729712323271e-92,5.581729712323271e-92,5.329649044546186e-113,0.0
7.240461975807938e-05,1.7694284607056033e-92,1.7694284607056033e-92,2.320238854547718e-113,0.0
7.409398816134452e-05,5.5905339562276674e-93,5.5905339562276674e-93,1.0086140978459749e-113,0.0
7.582277346385569e-05,1.7604741241820778e-93,1.7604741241820778e-93,4.37799870599527e-114,0.0
7.759189535367095e-05,5.525379063882702e-94,5.525379063882702e-94,1.8975117733380586e-114,0.0
7.940229497731263e-05,1.7284251805504027e-94,1.7284251805504027e-94,8.21205000481521e-115,0.0
8.125493544044351e-05,5.388838482659087e-95,5.388838482659087e-95,3.5487625948374918e-115,0.0
8.315080232022388e-05,1.6745411498756163e-95,1.6745411498756163e-95,1.5313009932404758e-115,0.0
8.509090418962507e-05,5.186239361118639e-96,5.186239361118639e-96,6.597849991466406e-116,0.0
8.707627315397453e-05,1.6009042768296913e-96,1.6009042768296913e-96,2.8385893294490466e-116,0.0
8.910796540002067e-05,4.92531768595817e-97,4.92531768595817e-97,1.2194414420724326e-116,0.0
9.118706175780854e-05,1.5102860340179926e-97,1.5102860340179926e-97,5.230914123163668e-117,0.0
9.331466827566528e-05,4.6157283362939165e-98,4.6157283362939165e-98,2.2405388864028263e-117,0.0
9.54919168086014e-05,1.4059741921431414e-98,1.4059741921431414e-98,9.582650243995418e-118,0.0
9.771996562044084e-05,4.268453287775955e-99,4.268453287775955e-99,4.092390276948479e-118,0.0
9.999999999999999e-05,1.2915754826313715e-99,1.2915754826313715e-99,1.7451256698928884e-118,0.0
