z,T_eV,Theta_total_norm,Gamma_QCD,Gamma_weak,Gamma_thermal,Gamma_EM
1.0,0.000469644662779,0.00037033179440929887,0.0,1.1927264990987604e-140,3.607323507673058e-47,3.607323507673058e-47
1.0334896974791508,0.00047750879161858326,0.00037033179440929887,0.0,1.5301026933791015e-140,4.119845579272878e-47,4.119845579272878e-47
1.0681009547955467,0.0004856362877539413,0.00037033179440929887,0.0,1.970910757774999e-140,4.715405085947436e-47,4.715405085947436e-47
1.1038713326488419,0.0004940359712761352,0.00037033179440929887,0.0,2.5490512816166865e-140,5.408770251926052e-47,5.408770251926052e-47
1.1408396496351585,0.0005027169576584084,0.00037033179440929887,0.0,3.310190794426152e-140,6.217535062817657e-47,6.217535062817657e-47
1.1790460243736605,0.0005116886676484442,0.00037033179440929887,0.0,4.316055112200418e-140,7.16269324998912e-47,7.16269324998912e-47
1.2185319190439299,0.0005209608374919171,0.00037033179440929887,0.0,5.650360479097629e-140,8.26933485784338e-47,8.26933485784338e-47
1.2593401843814003,0.0005305435294984232,0.00037033179440929887,0.0,7.427032661546132e-140,9.567492716270701e-47,9.567492716270701e-47
1.3015151061796715,0.000540447142961263,0.00037033179440929887,0.0,9.80163170037017e-140,1.1093172458982787e-46,1.1093172458982787e-46
1.3451024533501736,0.000550682425442924,0.00037033179440929887,0.0,1.298728133583997e-139,1.288960755563406e-46,1.288960755563406e-46
1.3901495275913345,0.0005612604844385091,0.00037033179440929887,0.0,1.7276947028557702e-139,1.5008790532111924e-46,1.5008790532111924e-46
1.436705214721153,0.0005721927994297733,0.00037033179440929887,0.0,2.3074687284168446e-139,1.751334360290692e-46,1.751334360290692e-46
1.4848200377288827,0.0005834912343428416,0.00037033179440929887,0.0,3.093962473316694e-139,2.0478806913078812e-46,2.0478806913078812e-46
1.5345462116034045,0.0005951680504231365,0.00037033179440929887,0.0,4.16479992623866e-139,2.399644121356433e-46,2.399644121356433e-46
1.5859376999977794,0.00060723591954148,0.00037033179440929887,0.0,5.6280999171354425e-139,2.817666498673532e-46,2.817666498673532e-46
1.6390502737914854,0.0006197079379458149,0.00037033179440929887,0.0,7.63494454651712e-139,3.3153274947641673e-46,3.3153274947641673e-46
1.6939415716138817,0.0006325976404734653,0.00037033179440929887,0.0,1.0397130991710575e-138,3.908863491394313e-46,3.908863491394313e-46
1.7506711623945879,0.0006459190152393632,0.00037033179440929887,0.0,1.421251870264458e-138,4.6180063080498625e-46,4.6180063080498625e-46
1.809300610008656,0.0006596865188161771,0.00037033179440929887,0.0,1.9501325696041598e-138,5.466770403999877e-46,5.466770403999877e-46
1.869893540086689,0.0006739150919228218,0.00037033179440929887,0.0,2.6858251341022286e-138,6.4844242340953095e-46,6.4844242340953095e-46
1.9325157090624108,0.000688620175638368,0.00037033179440929887,0.0,3.7127537202044745e-138,7.706690260345588e-46,7.706690260345588e-46
1.9972350755326178,0.0007038177281589534,0.00037033179440929887,0.0,5.151136143863018e-138,9.177229180883696e-46,9.177229180883696e-46
2.064121874006954,0.0007195242421158767,0.00037033179440929887,0.0,7.172680080953176e-138,1.0949477813574328e-45,1.0949477813574328e-45
2.1332486911275446,0.0007357567624736694,0.00037033179440929887,0.0,1.0023374037891814e-137,1.3088927495626499e-45,1.3088927495626499e-45
2.204690544441201,0.0007525329050275688,0.00037033179440929887,0.0,1.4056668976678055e-137,1.567595175956803e-45,1.567595175956803e-45
2.278524963809681,0.0007698708755204653,0.00037033179440929887,0.0,1.9781916139846585e-137,1.8809319592518527e-45,1.8809319592518527e-45
2.3548320755463603,0.0007877894894000715,0.00037033179440929887,0.0,2.793526098091112e-137,2.2610565265359866e-45,2.2610565265359866e-45
2.433694689370609,0.0008063081922377514,0.00037033179440929887,0.0,3.958367251914626e-137,2.72294294141558e-45,2.72294294141558e-45
2.515198388274247,0.0008254470808311715,0.00037033179440929887,0.0,5.627798508015082e-137,3.285064115655301e-45,3.285064115655301e-45
2.599431621397599,0.0008452269250136724,0.00037033179440929887,0.0,8.027861073149206e-137,3.9702380562668096e-45,3.9702380562668096e-45
2.6864858000159435,0.0008656691901940299,0.00037033179440929887,0.0,1.1488925518546724e-136,4.80668486238715e-45,4.80668486238715e-45
2.776455396740512,0.0008867960606510662,0.00037033179440929887,0.0,1.649515224062534e-136,5.829348286796911e-45,5.829348286796911e-45
2.8694380480417077,0.0009086304636083899,0.00037033179440929887,0.0,2.3757973817588124e-136,7.081549717948839e-45,7.081549717948839e-45
2.9655346602057895,0.0009311960941153921,0.00037033179440929887,0.0,3.4325524736189148e-136,8.617060211911043e-45,8.617060211911043e-45
3.0648495188400178,0.0009545174407615003,0.00037033179440929887,0.0,4.974598358570076e-136,1.0502698718109648e-44,1.0502698718109648e-44
3.1674904020450905,0.0009786198122515928,0.00037033179440929887,0.0,7.231194743587227e-136,1.2821593182949157e-44,1.2821593182949157e-44
3.2735686973776947,0.0010035293648714189,0.00037033179440929887,0.0,1.0542686135171018e-135,1.5677277419049907e-44,1.5677277419049907e-44
3.3831995227300915,0.0010292731308728237,0.00037033179440929887,0.0,1.5415568141403344e-135,1.919884258386885e-44,1.919884258386885e-44
3.49650185125793,0.0010558790478095899,0.00037033179440929887,0.0,2.2605420055036767e-135,2.3547420485652003e-44,2.3547420485652003e-44
3.613598640491849,0.0010833759888557238,0.00037033179440929887,0.0,3.3242072292996876e-135,2.8924350130801933e-44,2.8924350130801933e-44
3.7346169657729917,0.0011117937941390944,0.00037033179440929887,0.0,4.901891375371449e-135,3.558147329327604e-44,3.558147329327604e-44
3.8596881581572346,0.0011411633031244272,0.00037033179440929887,0.0,7.247979582185047e-135,4.383412498161193e-44,4.383412498161193e-44
3.9889479469377815,0.0011715163880807893,0.00037033179440929887,0.0,1.0745472656133675e-134,5.407753761034133e-44,5.407753761034133e-44
4.122536606940807,0.001202885988669899,0.00037033179440929887,0.0,1.5972282877199421e-134,6.680757254383306e-44,6.680757254383306e-44
4.260599110753979,0.00123530614769278,0.00037033179440929887,0.0,2.3802306397100825e-134,8.264694111267559e-44,8.264694111267559e-44
4.4032852860530705,0.0012688120480335635,0.00037033179440929887,0.0,3.555980802442657e-134,1.0237839411323861e-43,1.0237839411323861e-43
4.550749978197383,0.001303440050840526,0.00037033179440929887,0.0,5.325567843928734e-134,1.2698676329015636e-43,1.2698676329015636e-43
4.703153218270466,0.0013392277349858009,0.00037033179440929887,0.0,7.994964186654013e-134,1.5771225485175972e-43,1.5771225485175972e-43
4.860660396748439,0.0013762139378465804,0.00037033179440929887,0.0,1.2030655167998902e-133,1.9611805507529474e-43,1.9611805507529474e-43
5.023442442984433,0.00141443879745207,0.00037033179440929887,0.0,1.814522697895964e-133,2.44176151799221e-43,2.44176151799221e-43
5.191676010703908,0.0014539437960419304,0.00037033179440929887,0.0,2.7429271928844363e-133,3.0437635476660787e-43,3.0437635476660787e-43
5.365543669712147,0.0014947718050834797,0.00037033179440929887,0.0,4.15550167375815e-133,3.7986487874707945e-43,3.7986487874707945e-43
5.545234104021979,0.0015369671317965064,0.00037033179440929887,0.0,6.309118760629708e-133,4.746206213740603e-43,4.746206213740603e-43
5.730942316616747,0.0015805755672361865,0.00037033179440929887,0.0,9.599065696763096e-133,5.936795322288941e-43,5.936795322288941e-43
5.922869841070705,0.0016256444359862804,0.00037033179440929887,0.0,1.4634686686075296e-132,7.434203716875104e-43,7.434203716875104e-43
6.121224960256549,0.0016722226475165422,0.00037033179440929887,0.0,2.2356896391099336e-132,9.31928878475378e-43,9.31928878475378e-43
6.3262229323773695,0.001720360749260073,0.00037033179440929887,0.0,3.4221014541467655e-132,1.169462136651504e-42,1.169462136651504e-42
6.538086224568354,0.001770110981468215,0.00037033179440929887,0.0,5.248164577732275e-132,1.4690410555510148e-42,1.4690410555510148e-42
6.757044754321751,0.0018215273339025249,0.00037033179440929887,0.0,8.063719086555544e-132,1.8472067358194896e-42,1.8472067358194896e-42
6.98333613899707,0.0018746656044253416,0.00037033179440929887,0.0,1.2412440169490661e-131,2.3249865877858802e-42,2.3249865877858802e-42
7.217205953687304,0.0019295834595525327,0.00037033179440929887,0.0,1.9140510439098175e-131,2.9291290348310205e-42,2.9291290348310205e-42
7.458907997721018,0.0019863404970341366,0.00037033179440929887,0.0,2.956687700898674e-131,3.693682298434583e-42,3.693682298434583e-42
7.708704570089514,0.002044998310530813,0.00037033179440929887,0.0,4.575033761420176e-131,4.662014185623368e-42,4.662014185623368e-42
7.96686675409796,0.0021056205564562815,0.00037033179440929887,0.0,7.090905169432341e-131,5.889397353233076e-42,5.889397353233076e-42
8.233674711549405,0.0021682730230583,0.00037033179440929887,0.0,1.100802728594562e-130,7.446319972964365e-42,7.446319972964365e-42
8.509417986780928,0.002233023701813143,0.00037033179440929887,0.0,1.7115909910861324e-130,9.42272734494657e-42,9.42272734494657e-42
8.794395820881867,0.0022999428612110557,0.00037033179440929887,0.0,2.6653589264711546e-130,1.1933458745008756e-41,1.1933458745008756e-41
9.088917476435109,0.002369103123012763,0.00037033179440929887,0.0,4.156803341144369e-130,1.5125219435929697e-41,1.5125219435929697e-41
9.393302573133887,0.0024405795410597886,0.00037033179440929887,0.0,6.492238938113647e-130,1.9185525223158397e-41,1.9185525223158397e-41
9.70788143463827,0.0025144496827241027,0.00037033179440929887,0.0,1.0154165534272474e-129,2.4354182514824057e-41,2.4354182514824057e-41
10.032995447047771,0.002590793713085496,0.00037033179440929887,0.0,1.5903492837670747e-129,3.09380287220344e-41,3.09380287220344e-41
10.368997429379098,0.002669694481928032,0.00037033179440929887,0.0,2.4941551044127646e-129,3.932986656005897e-41,3.932986656005897e-41
10.716252016451097,0.0027512376136499773,0.00037033179440929887,0.0,3.916710794535549e-129,5.003279501819285e-41,5.003279501819285e-41
11.075136054592384,0.0028355116001847923,0.00037033179440929887,0.0,6.158450075744457e-129,6.369148707720317e-41,6.369148707720317e-41
11.44603901060112,0.002922607897034021,0.00037033179440929887,0.0,9.695234137358715e-129,8.113241244748874e-41,8.113241244748874e-41
11.829363394400712,0.0030126210225162845,0.00037033179440929887,0.0,1.5281554516308572e-128,1.034155821314757e-40,1.034155821314757e-40
12.225525195850132,0.0031056486603401015,0.00037033179440929887,0.0,2.411486536279214e-128,1.3190113857017152e-40,1.3190113857017152e-40
12.634954336182888,0.003201791765611838,0.00037033179440929887,0.0,3.809748006499868e-128,1.6833507978508095e-40,1.6833507978508095e-40
13.058095134564539,0.0033011546743938317,0.00037033179440929887,0.0,6.025430795101194e-128,2.1495965201392113e-40,2.1495965201392113e-40
13.495406790275077,0.0034038452169315825,0.00037033179440929887,0.0,9.539970852395378e-128,2.746555553411971e-40,2.746555553411971e-40
13.947363881039466,0.0035099748346728923,0.00037033179440929887,0.0,1.51202872213173e-127,3.5112518748833083e-40,3.5112518748833083e-40
14.414456878047123,0.003619658701205939,0.00037033179440929887,0.0,2.398912129984865e-127,4.491288404277898e-40,4.491288404277898e-40
14.897192678219186,0.003733015847247519,0.00037033179440929887,0.0,3.809759000063025e-127,5.7478924171027654e-40,5.7478924171027654e-40
15.396095154301369,0.0038501692898171317,0.00037033179440929887,0.0,6.056160611024354e-127,7.359843289801358e-40,7.359843289801358e-40
15.911705723379141,0.003971246165737041,0.00037033179440929887,0.0,9.63611840531506e-127,9.428539620872828e-40,9.428539620872828e-40
16.44458393443238,0.004096377869603228,0.00037033179440929887,0.0,1.5346175779318046e-126,1.2084538010465785e-39,1.2084538010465785e-39
16.995308075567024,0.004225700196376945,0.00037033179440929887,0.0,2.4461338885429904e-126,1.549599313215813e-39,1.549599313215813e-39
17.564475801582734,0.0043593534887516145,0.00037033179440929887,0.0,3.9023956063609996e-126,1.9879554716515273e-39,1.9879554716515273e-39
18.152704782557606,0.004497482789455004,0.00037033179440929887,0.0,6.230783362161825e-126,2.551444013787301e-39,2.551444013787301e-39
18.760633374153795,0.004640237998651956,0.00037033179440929887,0.0,9.956434534951383e-126,3.2760612406601765e-39,3.2760612406601765e-39
19.388921310371465,0.004787774036618487,0.00037033179440929887,0.0,1.5922258826755335e-125,4.2082266715927045e-39,4.2082266715927045e-39
20.038250419502866,0.004940251011863789,0.00037033179440929887,0.0,2.5482101237667643e-125,5.4078182679562666e-39,5.4078182679562666e-39
20.709325364063485,0.0050978343948825935,0.00037033179440929887,0.0,4.0811809150309253e-125,6.952095788538479e-39,6.952095788538479e-39
21.40287440550328,0.005260695197726439,0.00037033179440929887,0.0,6.541044376569776e-125,8.940773232148193e-39,8.940773232148193e-39
22.119650194527843,0.005429010159588735,0.00037033179440929887,0.0,1.0490829181320009e-124,1.150257827281984e-38,1.150257827281984e-38
22.860430587887222,0.005602961938605016,0.00037033179440929887,0.0,1.683701443279677e-124,1.480373630327667e-38,1.480373630327667e-38
23.626019492518694,0.005782739310076512,0.00037033179440929887,0.0,2.7039846177991e-124,1.9058945923278181e-38,1.9058945923278181e-38
24.417247737959663,0.005968537371332183,0.00037033179440929887,0.0,4.345289963544697e-124,2.4545580197658974e-38,2.4545580197658974e-38
25.23497397797741,0.0061605577534515205,0.00037033179440929887,0.0,6.9871569651749254e-124,3.162206512485599e-38,3.162206512485599e-38
26.08008562239412,0.006359008840077866,0.00037033179440929887,0.0,1.1241944344021323e-123,4.075166824102393e-38,4.075166824102393e-38
26.95349980011845,0.006564105993559737,0.00037033179440929887,0.0,1.8098133097321192e-123,5.253329526530745e-38,5.253329526530745e-38
27.856164354428767,0.006776071788665549,0.00037033179440929887,0.0,2.915210884300826e-123,6.774136599184157e-38,6.774136599184157e-38
28.789058871588093,0.006995136254125384,0.00037033179440929887,0.0,4.698320877676546e-123,8.737745447133819e-38,8.737745447133819e-38
29.753195743907042,0.0072215371222619,0.00037033179440929887,0.0,7.576082951358012e-123,1.1273717471812542e-37,1.1273717471812542e-37
30.74962126840845,0.007455520086981326,0.00037033179440929887,0.0,1.2222756773339312e-122,1.4549682601200469e-37,1.4549682601200469e-37
31.779416782285914,0.007697339070404481,0.00037033179440929887,0.0,1.9729190533690118e-122,1.8782565181147581e-37,1.8782565181147581e-37
32.84369983638852,0.007947256498427192,0.00037033179440929887,0.0,3.1860930266286847e-122,2.4253130485240844e-37,2.4253130485240844e-37
33.943625408005204,0.00820554358550915,0.00037033179440929887,0.0,5.147665876524684e-122,3.1324836697509525e-37,3.1324836697509525e-37
35.08038715426492,0.008472480629000256,0.00037033179440929887,0.0,8.320679011418656e-122,4.046826998680683e-37,4.046826998680683e-37
36.25521870751274,0.008748357313323856,0.00037033179440929887,0.0,1.3455433443275061e-121,5.22928202569808e-37,5.22928202569808e-37
37.469395014067786,0.009033473024347004,0.00037033179440929887,0.0,2.1768137907550956e-121,6.758774834001711e-37,6.758774834001711e-37
38.72423371781572,0.009328137174278873,0.00037033179440929887,0.0,3.5230909859448993e-121,8.737543559099789e-37,8.737543559099789e-37
40.021096590137326,0.009632669537449916,0.00037033179440929887,0.0,5.704268002503895e-121,1.1298043793420605e-36,1.1298043793420605e-36
41.3613910077249,0.009947400597336162,0.00037033179440929887,0.0,9.239407462807363e-121,1.4611904541086733e-36,1.4611904541086733e-36
42.74657147989048,0.010272671905205292,0.00037033179440929887,0.0,1.4971015625625391e-120,1.8901544925187975e-36,1.8901544925187975e-36
44.178141227022905,0.010608836450773604,0.00037033179440929887,0.0,2.4267012485530066e-120,2.4455243765786697e-36,2.4455243765786697e-36
45.65765381190711,0.01095625904527622,0.00037033179440929887,0.0,3.934906160210728e-120,3.164669038160091e-36,3.164669038160091e-36
47.18671482567568,0.011315316717366146,0.00037033179440929887,0.0,6.38264539055877e-120,4.0960351763001164e-36,4.0960351763001164e-36
48.76698363022251,0.011686399122271932,0.00037033179440929887,0.0,1.0356445365981065e-119,5.30243897215574e-36,5.30243897215574e-36
50.40017515896936,0.012069908964657849,0.00037033179440929887,0.0,1.680969825742086e-119,6.86533791633059e-36,6.86533791633059e-36
52.088061777939465,0.01246626243564555,0.00037033179440929887,0.0,2.729254148719452e-119,8.890375089287995e-36,8.890375089287995e-36
53.83247520915798,0.012875889664471438,0.00037033179440929887,0.0,4.4326015845930273e-119,1.1514575564130376e-35,1.1514575564130376e-35
55.635308518466566,0.013299235185269927,0.00037033179440929887,0.0,7.20111908707786e-119,1.491568805034985e-35,1.491568805034985e-35
57.49851816990923,0.013736758419489112,0.00037033179440929887,0.0,1.1702102811614461e-118,1.9324312288906752e-35,1.9324312288906752e-35
59.42412614891895,0.014188934174462398,0.00037033179440929887,0.0,1.9021580908613817e-118,2.50396442092305e-35,2.50396442092305e-35
61.41422215660915,0.014656253158677147,0.00037033179440929887,0.0,3.0927468262204185e-118,3.2449919681170943e-35,3.2449919681170943e-35
63.47096587755135,0.01513922251429951,0.00037033179440929887,0.0,5.029833203344252e-118,4.2058961015305836e-35,4.2058961015305836e-35
65.59658932350006,0.01563836636753337,0.00037033179440929887,0.0,8.18221241944425e-118,5.452065051001571e-35,5.452065051001571e-35
67.79339925560816,0.0161542263974106,0.00037033179440929887,0.0,1.3313507176978956e-117,7.068370133690263e-35,7.068370133690263e-35
70.06377968776178,0.016687362423630014,0.00037033179440929887,0.0,2.1667832703102042e-117,9.164980562799474e-35,9.164980562799474e-35
72.41019447375079,0.01723835301408275,0.00037033179440929887,0.0,3.5272525159480825e-117,1.1884916183021837e-34,1.1884916183021837e-34
74.83518998108318,0.017807796112723602,0.00037033179440929887,0.0,5.7431825344199074e-117,1.5413858199635504e-34,1.5413858199635504e-34
77.34139785434444,0.018396309688469534,0.00037033179440929887,0.0,9.353209883824278e-117,1.9992893759902956e-34,1.9992893759902956e-34
79.93153787110107,0.019004532405829565,0.00037033179440929887,0.0,1.523553916971749e-116,2.5935072748586098e-34,2.5935072748586098e-34
82.60842089344754,0.019633124317993935,0.00037033179440929887,0.0,2.4822255897585422e-116,3.3646918390512457e-34,3.3646918390512457e-34
85.37495191839946,0.020282767583134527,0.00037033179440929887,0.0,4.0449039434260834e-116,4.365637543744765e-34,4.365637543744765e-34
88.2341332304437,0.020954167204694046,0.00037033179440929887,0.0,6.592590129737846e-116,5.664912455249512e-34,5.664912455249512e-34
91.18906765966638,0.021648051796467217,0.00037033179440929887,0.0,1.0746876933056712e-115,7.351576980902117e-34,7.351576980902117e-34
94.24296194899442,0.022365174373304306,0.00037033179440929887,0.0,1.7522026322587863e-115,9.541315806557982e-34,9.541315806557982e-34
97.39913023420536,0.023106313168295138,0.00037033179440929887,0.0,2.857326229840947e-115,1.238440664750853e-33,1.238440664750853e-33
100.6609976404813,0.023872272477320277,0.00037033179440929887,0.0,4.66022024974841e-115,1.6076076530437793e-33,1.6076076530437793e-33
104.03210399941055,0.024663883531886012,0.00037033179440929887,0.0,7.601895817436014e-115,2.0869961571205003e-33,2.0869961571205003e-33
107.51610769047036,0.025482005401190302,0.00037033179440929887,0.0,1.2402351948874867e-114,2.7095601077653002e-33,2.7095601077653002e-33
111.11678961116002,0.026327525924398666,0.00037033179440929887,0.0,2.0237214562836356e-114,3.51811761950708e-33,3.51811761950708e-33
114.83805728009222,0.027201362674141697,0.00037033179440929887,0.0,3.3026299398391056e-114,4.5683066611925156e-33,4.5683066611925156e-33
118.68394907749591,0.028104463952279786,0.00037033179440929887,0.0,5.390506741616923e-114,5.932427127075926e-33,5.932427127075926e-33
122.6586386277322,0.029037809819015756,0.00037033179440929887,0.0,8.799497010742465e-114,7.704435338045688e-33,7.704435338045688e-33
126.76643932857944,0.030002413156472126,0.00037033179440929887,0.0,1.4366229830768916e-113,1.0006436895918009e-32,1.0006436895918009e-32
131.01180903220268,0.030999320767887285,0.00037033179440929887,0.0,2.3457551065152243e-113,1.2997127713720146e-32,1.2997127713720146e-32
135.39935488288742,0.032029614513623406,0.00037033179440929887,0.0,3.8306782637104245e-113,1.6882768168633652e-32,1.6882768168633652e-32
139.93383831678753,0.033094412485218896,0.00037033179440929887,0.0,6.256336997863826e-113,2.1931451059399846e-32,2.1931451059399846e-32
144.62018022911315,0.03419487021875952,0.00037033179440929887,0.0,1.021914112254388e-112,2.8491652607699885e-32,2.8491652607699885e-32
149.4634663143664,0.035332181948885016,0.00037033179440929887,0.0,1.669386409658473e-112,3.7016353007643514e-32,3.7016353007643514e-32
154.4689525854198,0.03650758190479191,0.00037033179440929887,0.0,2.7273823353244074e-112,4.8094399661721695e-32,4.8094399661721695e-32
159.6420710774268,0.03772234564963913,0.00037033179440929887,0.0,4.45636087704931e-112,6.249128912438672e-32,6.249128912438672e-32
164.98843574275492,0.038977791464809924,0.00037033179440929887,0.0,7.282129810484585e-112,8.120219787178233e-32,8.120219787178233e-32
170.5138485433381,0.04027528178053225,0.00037033179440929887,0.0,1.1900872811236675e-111,1.0552094281485875e-31,1.0552094281485875e-31
176.22430574706024,0.04161622465441025,0.00037033179440929887,0.0,1.9450921864330837e-111,1.3712965914735058e-31,1.3712965914735058e-31
182.1260044350027,0.04300207529947125,0.00037033179440929887,0.0,3.179371156641267e-111,1.7821542265114392e-31,1.7821542265114392e-31
188.22534922661742,0.04443433766338662,0.00037033179440929887,0.0,5.1973344490808115e-111,2.3162191611800175e-31,2.3162191611800175e-31
194.52895923012434,0.045914566060580295,0.00037033179440929887,0.0,8.496836514994008e-111,3.0104667537821976e-31,3.0104667537821976e-31
201.04367522567546,0.04744436685899607,0.00037033179440929887,0.0,1.3892161735354718e-110,3.912976190583165e-31,3.912976190583165e-31
207.77656708908,0.049025400223354124,0.00037033179440929887,0.0,2.2715234068926918e-110,5.086266881469901e-31,5.086266881469901e-31
214.73494146414978,0.05065938191678897,0.00037033179440929887,0.0,3.714482370223719e-110,6.6116378363892934e-31,6.6116378363892934e-31
221.9263496919873,0.0523480851628234,0.00037033179440929887,0.0,6.07452052942879e-110,8.594811662256428e-31,8.594811662256428e-31
229.3585960058242,0.0540933425696996,0.00037033179440929887,0.0,9.934757642877251e-110,1.1173275568617562e-30,1.1173275568617562e-30
237.03974600030205,0.055897048119155336,0.00037033179440929887,0.0,1.6249241972186997e-109,1.4525829829157059e-30,1.4525829829157059e-30
244.97813538438692,0.0577611592218038,0.00037033179440929887,0.0,2.657899216012811e-109,1.8885007736171152e-30,1.8885007736171152e-30
253.18237902741652,0.059687698841347496,0.00037033179440929887,0.0,4.347829809685456e-109,2.455323090268737e-30,2.455323090268737e-30
261.6613803080964,0.0616787576899313,0.00037033179440929887,0.0,7.112696309690282e-109,3.192382372900005e-30,3.192382372900005e-30
270.4243407765915,0.06373649649701735,0.00037033179440929887,0.0,1.1636511654618536e-108,4.1508349064708595e-30,4.1508349064708595e-30
279.48077014019844,0.06586314835424385,0.00037033179440929887,0.0,1.9038700487425682e-108,5.397216712437362e-30,5.397216712437362e-30
288.8404965834338,0.06806102113881232,0.00037033179440929887,0.0,3.1151352685636725e-108,7.018069221023642e-30,7.018069221023642e-30
298.5136774337406,0.07033250001803365,0.00037033179440929887,0.0,5.097307397090666e-108,9.125956664680079e-30,9.125956664680079e-30
308.51081018438543,0.07268005003775038,0.00037033179440929887,0.0,8.341194813135085e-108,1.186729404400393e-29,1.186729404400393e-29
318.84274388650823,0.07510621879744461,0.00037033179440929887,0.0,1.3650182924981284e-107,1.5432530607055329e-29,1.5432530607055329e-29
329.52069092268977,0.07761363921493436,0.00037033179440929887,0.0,2.2339359250522598e-107,2.0069397838709256e-29,2.0069397838709256e-29
340.5562391748114,0.08020503238365889,0.00037033179440929887,0.0,3.6561522939328156e-107,2.6100144412341306e-29,2.6100144412341306e-29
351.9613645994132,0.08288321052565353,0.00037033179440929887,0.0,5.984095011523538e-107,3.3943958289657176e-29,3.3943958289657176e-29
363.7484442241967,0.08565108004341887,0.00037033179440929887,0.0,9.794734212264956e-107,4.414613752528364e-29,4.414613752528364e-29
375.9302695797768,0.08851164467399592,0.00037033179440929887,0.0,1.6032681297462894e-106,5.741604153191569e-29,5.741604153191569e-29
388.52006058125914,0.09146800874867055,0.00037033179440929887,0.0,2.624450400634121e-106,7.467646636898422e-29,7.467646636898422e-29
401.53147987470686,0.09452338056184427,0.00037033179440929887,0.0,4.2962414623046725e-106,9.712788368737372e-29,9.712788368737372e-29
414.97864766406656,0.09768107585272749,0.00037033179440929887,0.0,7.033257432016643e-106,1.2633201879903784e-28,1.2633201879903784e-28
428.87615703464326,0.10094452140363373,0.00037033179440929887,0.0,1.151439966118898e-105,1.6432059116927323e-28,1.6432059116927323e-28
443.23908978975425,0.10431725875877952,0.00037033179440929887,0.0,1.8851351560287395e-105,2.137367944365077e-28,2.137367944365077e-28
458.0830328177473,0.10780294806762576,0.00037033179440929887,0.0,3.0864522594141735e-105,2.7801937515136495e-28,2.7801937515136495e-28
473.4240950071456,0.11140537205693157,0.00037033179440929887,0.0,5.053496864743587e-105,3.6164213894321462e-28,3.6164213894321462e-28
489.2789247282757,0.11512844013583087,0.00037033179440929887,0.0,8.274453264133899e-105,4.704255768692636e-28,4.704255768692636e-28
505.6647279003499,0.11897619263838681,0.00037033179440929887,0.0,1.3548805367671437e-104,6.119423327795142e-28,6.119423327795142e-28
522.5992866636097,0.12295280520822797,0.00037033179440929887,0.0,2.2185878300726297e-104,7.960447753448418e-28,7.960447753448418e-28
540.1009786767939,0.12706259333002487,0.00037033179440929887,0.0,3.633002734120851e-104,1.035551452322346e-27,1.035551452322346e-27
558.1887970608731,0.1313100170127242,0.00037033179440929887,0.0,5.949327325752863e-104,1.347140283566217e-27,1.347140283566217e-27
576.882371010693,0.13569968562962292,0.00037033179440929887,0.0,9.742773881780029e-104,1.752510766085236e-27,1.752510766085236e-27
596.2019870968962,0.14023636292053526,0.00037033179440929887,0.0,1.595546974462222e-103,2.2798962248395026e-27,2.2798962248395026e-27
616.1686112812399,0.14492497216148081,0.00037033179440929887,0.0,2.613053997423141e-103,2.9660315557677175e-27,2.9660315557677175e-27
636.8039116691971,0.14977060150750357,0.00037033179440929887,0.0,4.279554978737645e-103,3.8587136759586154e-27,3.8587136759586154e-27
658.1302820245385,0.15477850951442076,0.00037033179440929887,0.0,7.00906201627173e-103,5.0201332364072506e-27,5.0201332364072506e-27
680.1708660714085,0.159954130845493,0.00037033179440929887,0.0,1.1479736101407016e-102,6.531209949864887e-27,6.531209949864887e-27
702.9495826102719,0.16530308216920947,0.00037033179440929887,0.0,1.880244251981682e-102,8.497233893596715e-27,8.497233893596715e-27
726.4911514749854,0.17083116825458797,0.00037033179440929887,0.0,3.0796875920346904e-102,1.1055206249341497e-26,1.1055206249341497e-26
750.8211203591626,0.17654438827060445,0.00037033179440929887,0.0,5.044391221181701e-102,1.4383391497544222e-26,1.4383391497544222e-26
775.9658925409481,0.18244894229658914,0.00037033179440929887,0.0,8.262666992202561e-102,1.8713747363019003e-26,1.8713747363019003e-26
801.9527555362836,0.18855123805065335,0.00037033179440929887,0.0,1.3534456660061324e-101,2.4348099580933412e-26,2.4348099580933412e-26
828.8099107117652,0.19485789784344953,0.00037033179440929887,0.0,2.217022981817036e-101,3.1679189826555104e-26,3.1679189826555104e-26
856.5665038892242,0.20137576576481037,0.00037033179440929887,0.0,3.631684175089849e-101,4.121806516354387e-26,4.121806516354387e-26
885.2526569752482,0.2081119151110666,0.00037033179440929887,0.0,5.949139959680628e-101,5.362971984330952e-26,5.362971984330952e-26
914.8995006499638,0.21507365606110337,0.00037033179440929887,0.0,9.745592924097989e-101,6.977947611372059e-26,6.977947611372059e-26
945.5392081505573,0.2222685436094851,0.00037033179440929887,0.0,1.596504171556812e-100,9.079334005866797e-26,9.079334005866797e-26
977.2050301861952,0.2297043857652586,0.00037033179440929887,0.0,2.6154071665884055e-100,1.1813654369337398e-25,1.1813654369337398e-25
1009.9313310222356,0.2373892520253317,0.00037033179440929887,0.0,4.284654235991839e-100,1.537157536511068e-25,1.537157536511068e-25
1043.7536257728862,0.24533148213162234,0.00037033179440929887,0.0,7.019387831923996e-100,2.0001207839864288e-25,2.0001207839864288e-25
1078.7086189427869,0.2535396951214825,0.00037033179440929887,0.0,1.1499777996761409e-99,2.6025415529435813e-25,2.6025415529435813e-25
1114.8342442593334,0.2620227986812175,0.00037033179440929887,0.0,1.8840230672677654e-99,3.386433959869583e-25,3.386433959869583e-25
1152.1697058389764,0.2707899988128523,0.00037033179440929887,0.0,3.0866636339576554e-99,4.406471089004595e-25,4.406471089004595e-25
1190.755520732166,0.2798508098246348,0.00037033179440929887,0.0,5.057064815126752e-99,5.733799549729319e-25,5.733799549729319e-25
1230.633562893115,0.2892150646561176,0.00037033179440929887,0.0,8.285403465186451e-99,7.461003581197458e-25,7.461003581197458e-25
1271.847108622095,0.29889292554902447,0.00037033179440929887,0.0,1.357483434849896e-98,9.708565154686888e-25,9.708565154686888e-25
1314.4408835295815,0.30889489507548007,0.00037033179440929887,0.0,2.224134083570212e-98,1.2633270943912909e-24,1.2633270943912909e-24
1358.461111073215,0.3192318275355724,0.00037033179440929887,0.0,3.6441207778752156e-98,1.6439152927009864e-24,1.6439152927009864e-24
1403.955562720248,0.32991494073661554,0.00037033179440929887,0.0,5.970761941215971e-98,2.1391726238132313e-24,2.1391726238132313e-24
1450.9736097899204,0.34095582816689723,0.00037033179440929887,0.0,9.782993784156823e-98,2.7836518048536946e-24,2.7836518048536946e-24
1499.5662770320162,0.35236647157712037,0.00037033179440929887,0.0,1.6029451612982102e-97,3.622318079535365e-24,3.622318079535365e-24
1549.7862979997549,0.3641592539831943,0.00037033179440929887,0.0,2.626456789986467e-97,4.713687290367917e-24,4.713687290367917e-24
1601.6881722771013,0.37634697310448556,0.00037033179440929887,0.0,4.303545623068508e-97,6.133909748083434e-24,6.133909748083434e-24
1655.3282246225956,0.3889428552521093,0.00037033179440929887,0.0,7.051588662615723e-97,7.982084972181459e-24,7.982084972181459e-24
1710.7646660939063,0.40196056968234006,0.00037033179440929887,0.0,1.155451700087197e-96,1.0387178305114187e-23,1.0387178305114187e-23
1768.0576572194116,0.41541424343070915,0.00037033179440929887,0.0,1.893305726916424e-96,1.351702223341964e-23,1.351702223341964e-23
1827.2693732853859,0.42931847664289435,0.00037033179440929887,0.0,3.1023707361240033e-96,1.7590030790257004e-23,1.7590030790257004e-23
1888.464071809631,0.4436883584190352,0.00037033179440929887,0.0,5.083589879789569e-96,2.2890444827322362e-23,2.2890444827322362e-23
1951.708162274781,0.45853948318867016,0.00037033179440929887,0.0,8.330116156491509e-96,2.9788172455500213e-23,2.9788172455500213e-23
2017.070278196953,0.4738879676340654,0.00037033179440929887,0.0,1.3650080944017894e-95,3.8764609775277376e-23,3.8764609775277376e-23
2084.6213516079556,0.48975046818030027,0.00037033179440929887,0.0,2.2367780770287156e-95,5.0446244551285326e-23,5.0446244551285326e-23
2154.434690031884,0.5061441990710913,0.00037033179440929887,0.0,3.665337383368674e-95,6.564838888494681e-23,6.564838888494681e-23
2226.5860560396404,0.5230869510499697,0.00037033179440929887,0.0,6.006317607687326e-95,8.543209414883832e-23,8.543209414883832e-23
2301.1537494677036,0.540597110667085,0.00037033179440929887,0.0,9.842508598940423e-95,1.111782218486355e-22,1.111782218486355e-22
2378.2186923903905,0.5586936802325891,0.00037033179440929887,0.0,1.612896062837205e-94,1.4468384194335803e-22,1.4468384194335803e-22
2457.8645169378065,0.5773962984382525,0.00037033179440929887,0.0,2.643077701731849e-94,1.8828768912758534e-22,1.8828768912758534e-22
2540.177656054793,0.5967252616696914,0.00037033179440929887,0.0,4.331280934757036e-94,2.450334365227598e-22,2.450334365227598e-22
2625.247437299366,0.6167015460323368,0.00037033179440929887,0.0,7.097829416481012e-94,3.188821868202061e-22,3.188821868202061e-22
2713.166179782438,0.6373468301150449,0.00037033179440929887,0.0,1.1631546263366394e-93,4.1498901756115904e-22,4.1498901756115904e-22
2804.0292943540153,0.6586835185160539,0.00037033179440929887,0.0,1.9061275167671725e-93,5.400628899148739e-22,5.400628899148739e-22
2897.9353871446083,0.6807347661568197,0.00037033179440929887,0.0,3.1236974908334862e-93,7.028350513612124e-22,7.028350513612124e-22
2994.9863665742073,0.7035245034101125,0.00037033179440929887,0.0,5.1190388367853335e-93,9.14668638598355e-22,9.14668638598355e-22
3095.2875539449587,0.7270774620696474,0.00037033179440929887,0.0,8.389000862216753e-93,1.1903520468305052e-21,1.1903520468305052e-21
3198.947797737556,0.751419202189429,0.00037033179440929887,0.0,1.3747835790814601e-92,1.5491314638946582e-21,1.5491314638946582e-21
3306.0795917353826,0.7765761398219384,0.00037033179440929887,0.0,2.252997147121041e-92,2.016054668595784e-21,2.016054668595784e-21
3416.799197104595,0.8025755756852622,0.00037033179440929887,0.0,3.692232872106052e-92,2.623719928442392e-21,2.623719928442392e-21
3531.2267685626334,0.8294457247902774,0.00037033179440929887,0.0,6.050894697979375e-92,3.41455212063939e-21,3.41455212063939e-21
3649.4864847720755,0.8572157470600392,0.00037033179440929887,0.0,9.916355928552688e-92,4.443765017266139e-21,4.443765017266139e-21
3771.7066831013417,0.8859157789746046,0.00037033179440929887,0.0,1.6251241871175976e-91,5.783216592215231e-21,5.783216592215231e-21
3898.0199988984973,0.9155769662756309,0.00037033179440929887,0.0,2.663317084354969e-91,7.526426570037033e-21,7.526426570037033e-21
4028.5635094292884,0.9462314977662409,0.00037033179440929887,0.0,4.364766431119988e-91,9.795106600557459e-21,9.795106600557459e-21
4163.478882635621,0.9779126402428364,0.00037033179440929887,0.0,7.153208700662576e-91,1.2747659076297572e-20,1.2747659076297572e-20
4302.91253087592,1.010654774596767,0.00037033179440929887,0.0,1.1723100304143697e-90,1.6590238089541407e-20,1.6590238089541407e-20
4447.015769814203,1.0444934331250326,0.00037033179440929887,0.0,1.9212580837997958e-90,2.159114495375631e-20,2.159114495375631e-20
4595.944982630293,1.0794653380905102,0.00037033179440929887,0.0,3.148694487344171e-90,2.8099563586087606e-20,2.8099563586087606e-20
4749.861789729403,1.115608441573551,0.00037033179440929887,0.0,5.160322893681842e-90,3.6569944127435196e-20,3.6569944127435196e-20
4908.9332241352195,1.1529619666581967,0.00037033179440929887,0.0,8.457163340487462e-90,4.759373763114508e-20,4.759373763114508e-20
5073.33191275686,1.1915664499977068,0.00037033179440929887,0.0,1.3860343687901163e-89,6.194069802930504e-20,6.194069802930504e-20
5243.236263726409,1.2314637858055961,0.00037033179440929887,0.0,2.271562408929053e-89,8.06126357414911e-20,8.06126357414911e-20
5418.83066001032,1.2726972713199158,0.00037033179440929887,0.0,3.722859914283573e-89,1.0491337688898772e-19,1.0491337688898772e-19
5600.305659504813,1.315311653790121,0.00037033179440929887,0.0,6.101407342491909e-89,1.36539813851567e-19,1.36539813851567e-19
5787.858201832405,1.3593531790375142,0.00037033179440929887,0.0,9.999645590967364e-89,1.7770040589836638e-19,1.7770040589836638e-19
5981.691822063995,1.4048696416419628,0.00037033179440929887,0.0,1.6388545701579703e-88,2.312694057154633e-19,2.312694057154633e-19
6182.016871598428,1.4519104368093556,0.00037033179440929887,0.0,2.685946801182073e-88,3.0098758273357067e-19,3.0098758273357067e-19
6389.050746439266,1.5005266139760831,0.00037033179440929887,0.0,4.402055765327829e-88,3.9172346149157213e-19,3.9172346149157213e-19
6603.01812311646,1.550770932208717,0.00037033179440929887,0.0,7.214641894364458e-88,5.098133196567929e-19,5.098133196567929e-19
6824.1512025089805,1.6026979174590081,0.00037033179440929887,0.0,1.182429044976281e-87,6.63503690942899e-19,6.63503690942899e-19
7052.68996183299,1.656363921736336,0.00037033179440929887,0.0,1.9379226315084673e-87,8.635272772002625e-19,8.635272772002625e-19
7288.882415069021,1.7118271842618262,0.00037033179440929887,0.0,3.176133745491781e-87,1.1238524914109968e-18,1.1238524914109968e-18
7532.984882110784,1.7691478946705017,0.00037033179440929887,0.0,5.205495786155061e-87,1.4626589799641971e-18,1.4626589799641971e-18
7785.262266927692,1.828388258330054,0.00037033179440929887,0.0,8.531518849842779e-87,1.9036072553847206e-18,1.9036072553847206e-18
8045.988345042949,1.8896125638471195,0.00037033179440929887,0.0,1.3982715389029223e-86,2.477491111971819e-18,2.477491111971819e-18
8315.44606063921,1.9528872528343222,0.00037033179440929887,0.0,2.2916989173058396e-86,3.2243882312584513e-18,3.2243882312584513e-18
8593.927833614214,2.0182809920137945,0.00037033179440929887,0.0,3.7559902065090185e-86,4.196459179075398e-18,4.196459179075398e-18
8881.735876919607,2.0858647477354166,0.00037033179440929887,0.0,6.155908631978531e-86,5.46159028152494e-18,5.46159028152494e-18
9179.182524527367,2.155711862990662,0.00037033179440929887,0.0,1.0089291622087434e-85,7.108134806288012e-18,7.108134806288012e-18
9486.590570379696,2.2278981370055964,0.00037033179440929887,0.0,1.6535980632879124e-85,9.251083584996718e-18,9.251083584996718e-18
9804.293618690277,2.3025019074994377,0.00037033179440929887,0.0,2.710191506339891e-85,1.2040096049665626e-17,1.2040096049665626e-17
10132.636445976983,2.3796041356979223,0.00037033179440929887,0.0,4.4419199301784155e-85,1.56699525945376e-17,1.56699525945376e-17
10471.97537521898,2.4592884941937445,0.00037033179440929887,0.0,7.280180869632737e-85,2.0394158289756694e-17,2.0394158289756694e-17
10822.678662544171,2.5416414577494075,0.00037033179440929887,0.0,1.1932028649745263e-84,2.6542648076955107e-17,2.6542648076955107e-17
11185.126896866848,2.6267523971410665,0.00037033179440929887,0.0,1.9556316573748991e-84,3.454483004242917e-17,3.454483004242917e-17
11559.71341290882,2.7147136761451125,0.00037033179440929887,0.0,3.2052393239818177e-84,4.49595761994851e-17,4.49595761994851e-17
11946.844718052833,2.8056207517728895,0.00037033179440929887,0.0,5.2533275117844825e-84,5.851425545888871e-17,5.851425545888871e-17
12346.9409334908,2.8995722778621484,0.00037033179440929887,0.0,8.610117608499068e-84,7.615553501771729e-17,7.615553501771729e-17
12760.436250146364,2.9966702121378477,0.00037033179440929887,0.0,1.4111860109382286e-83,9.911549836390151e-17,9.911549836390151e-17
13187.779399865742,3.097019926858284,0.00037033179440929887,0.0,2.312916719691219e-83,1.2899769788762467e-16,1.2899769788762467e-16
13629.434142389036,3.2007303231668334,0.00037033179440929887,0.0,3.7908470697599926e-83,1.6788915243310046e-16,1.6788915243310046e-16
14085.87976862964,3.3079139492731926,0.00037033179440929887,0.0,6.213167359123614e-83,2.1850611226525123e-16,2.1850611226525123e-16
14557.611620808755,3.418687122592579,0.00037033179440929887,0.0,1.0183342278803218e-82,2.843837724379934e-16,2.843837724379934e-16
15045.141630008595,3.53317005597523,0.00037033179440929887,0.0,1.6690452697433976e-82,3.7012318516847767e-16,3.7012318516847767e-16
15548.998871728578,3.6514869881633993,0.00037033179440929887,0.0,2.7355607322380456e-82,4.817126169488913e-16,4.817126169488913e-16
16069.73014004641,3.7737663186172035,0.00037033179440929887,0.0,4.48358141548002e-82,6.269457958116263e-16,6.269457958116263e-16
16607.900541008174,3.9001407468558673,0.00037033179440929887,0.0,7.34859308117473e-82,8.159662615892393e-16,8.159662615892393e-16
17164.094105890345,4.030747416465336,0.00037033179440929887,0.0,1.2044361012339116e-81,1.0619758398628275e-15,1.0619758398628275e-15
17738.914425000305,4.165728063928793,0.00037033179440929887,0.0,1.974075420380322e-81,1.3821567237787894e-15,1.3821567237787894e-15
18332.985302702094,4.305229172441334,0.00037033179440929887,0.0,3.235520204884316e-81,1.798871567728095e-15,1.798871567728095e-15
18946.951434379323,4.449402130875973,0.00037033179440929887,0.0,5.3030396824810715e-81,2.3412254151404772e-15,2.3412254151404772e-15
19581.47910606883,4.598403398073255,0.00037033179440929887,0.0,8.691725673709274e-81,3.047098555665466e-15,3.047098555665466e-15
20237.25691752541,4.752394672632993,0.00037033179440929887,0.0,1.4245821737349863e-80,3.965792300061702e-15,3.965792300061702e-15
20914.996529501168,4.911543068392155,0.00037033179440929887,0.0,2.3349057231726327e-80,5.1614724716995955e-15,5.1614724716995955e-15
21615.433436051673,5.0760212957795945,0.00037033179440929887,0.0,3.826938929438858e-80,6.717651131939131e-15,6.717651131939131e-15
22339.327762705743,5.246007849244135,0.00037033179440929887,0.0,6.272404257078547e-80,8.743019574581977e-15,8.743019574581977e-15
23087.465091366375,5.421687200959737,0.00037033179440929887,0.0,1.0280562234100728e-79,1.1379040007370085e-14,1.1379040007370085e-14
23860.657312836673,5.603250001017619,0.0003703317944092989,0.0,1.6850003607814634e-79,1.480982617855767e-14,1.480982617855767e-14
24659.743507897285,5.790893284322917,0.0003703317944092989,0.0,2.761744044731633e-79,1.9275003084109323e-14,1.9275003084109323e-14
25485.59085789019,5.984820684420091,0.0003703317944092989,0.0,4.526548112730599e-79,2.5086443973218895e-14,2.5086443973218895e-14
26339.09558579837,6.185242654479452,0.0003703317944092989,0.0,7.419098428813825e-79,3.265005369084614e-14,3.265005369084614e-14
27221.18392884117,6.392376695684262,0.000370331794409299,0.0,1.2160050913203114e-78,4.249411987220827e-14,4.249411987220827e-14
28132.813143642412,6.606447593266669,0.000370331794409299,0.0,1.9930578903655956e-78,5.530621225565566e-14,5.530621225565566e-14
29074.972545060446,6.827687660448188,0.00037033179440929903,0.0,3.2666656422615953e-78,7.198120745015416e-14,7.198120745015416e-14
30048.684579809167,7.056336990549896,0.0003703317944092991,0.0,5.354139708611998e-78,9.368379358632505e-14,9.368379358632505e-14
31055.00593603337,7.2926437175455066,0.0003703317944092992,0.0,8.775562205412033e-78,1.2192982067442536e-13,1.2192982067442536e-13
32095.028690044397,7.536864285340505,0.00037033179440929925,0.0,1.4383362515090959e-77,1.586921788336126e-13,1.586921788336126e-13
33169.88149145861,7.789263726069126,0.0003703317944092994,0.0,2.357469724665998e-77,2.0653859978893732e-13,2.0653859978893732e-13
34280.73078802688,8.050115947711673,0.00037033179440929963,0.0,3.863954777032383e-77,2.688110068233836e-13,2.688110068233836e-13
35428.78209148208,8.319704031343777,0.0003703317944092999,0.0,6.333126339618728e-77,3.4985894046992724e-13,3.4985894046992724e-13
36615.28128578061,8.598320538340722,0.0003703317944093002,0.0,1.0380170052544526e-76,4.553433643421569e-13,4.553433643421569e-13
37841.515979155374,8.886267827869672,0.0003703317944093007,0.0,1.7013394718677013e-76,5.926320714582511e-13,5.926320714582511e-13
39108.81690144978,9.18385838501491,0.00037033179440930126,0.0,2.7885451095361364e-76,7.71314309588062e-13,7.71314309588062e-13
40418.559348246876,9.49141515989159,0.0003703317944093022,0.0,4.570508821388056e-76,1.003870571451966e-12,1.003870571451966e-12
41772.16467336273,9.809271918116536,0.00037033179440930326,0.0,7.491203648680185e-76,1.3065443336794225e-12,1.3065443336794225e-12
43171.10183132296,10.137773603016159,0.0003703317944093048,0.0,1.2278316521585002e-75,1.700476634324094e-12,1.700476634324094e-12
44616.88897149554,10.477276709964443,0.00037033179440930684,0.0,2.0124551476201686e-75,2.213182737717046e-12,2.213182737717046e-12
46111.09508561183,10.828149673257675,0.00037033179440930955,0.0,3.2984792268632435e-75,2.880474029882259e-12,2.880474029882259e-12
47655.34171046129,11.190773265945191,0.00037033179440931324,0.0,5.406316291629357e-75,3.748959386646564e-12,3.748959386646564e-12
49251.304687610245,11.565541013050638,0.00037033179440931817,0.0,8.861133819049235e-75,4.8793007321917744e-12,4.8793007321917744e-12
50900.71598205174,11.952859618631562,0.00037033179440932484,0.0,1.4523700478174667e-74,6.350450185309619e-12,6.350450185309619e-12
52605.36556176288,12.353149407141464,0.00037033179440933384,0.0,2.3804847928419142e-74,8.265164753671548e-12,8.265164753671548e-12
54367.103340206406,12.76684477957253,0.00037033179440934587,0.0,3.901698200751913e-74,1.0757183772093118e-11,1.0757183772093118e-11
56187.84118388771,13.194394684874865,0.0003703317944093621,0.0,6.39502233049601e-74,1.4000570422137043e-11,1.4000570422137043e-11
58069.55498714263,13.636263107162987,0.000370331794409384,0.0,1.0481672428522834e-73,1.8221869829853006e-11,1.8221869829853006e-11
60014.286816411004,14.092929569239155,0.0003703317944094133,0.0,1.717984426289223e-73,2.371593297444098e-11,2.371593297444098e-11
62024.14712631954,14.564889652979101,0.0003703317944094528,0.0,2.8158400385318365e-73,3.0866511695030795e-11,3.0866511695030795e-11
64101.31704998239,15.05265553714576,0.0003703317944095059,0.0,4.615267217883748e-73,4.0173063340935834e-11,4.0173063340935834e-11
66248.05076600137,15.556756553213782,0.00037033179440957735,0.0,7.564597636954405e-73,5.228563735054993e-11,5.228563735054993e-11
68466.67794473824,16.077739759808885,0.00037033179440967346,0.0,1.2398664858999563e-72,6.805028056216236e-11,6.805028056216236e-11
70759.6062765099,16.61617053638454,0.00037033179440980275,0.0,2.0321890761639698e-72,8.856813278765966e-11,8.856813278765966e-11
73129.32408445413,17.17263319678122,0.0003703317944099766,0.0,3.330837181484509e-72,1.152723404379828e-10,1.152723404379828e-10
75578.4030248972,17.74773162333299,0.0003703317944102105,0.0,5.459373307926978e-72,1.5002816057148802e-10,1.5002816057148802e-10
78109.50087815842,18.342089922210747,0.0003703317944105251,0.0,8.948129767564397e-72,1.952632475769608e-10,1.952632475769608e-10
80725.36443281533,18.956353100712107,0.00037033179441094827,0.0,1.4666343279200036e-71,2.541372229471136e-10,2.541372229471136e-10
83428.8324665646,19.5911877672341,0.00037033179441151753,0.0,2.4038729225536846e-71,3.3076237250672014e-10,3.3076237250672014e-10
86222.83882690853,20.24728285468715,0.0003703317944122831,0.0,3.940045616857604e-71,4.3049088669296796e-10,4.3049088669296796e-10
89110.41561501536,20.925350368136602,0.0003703317944133129,0.0,6.457896442034312e-71,5.602887074948101e-10,5.602887074948101e-10
92094.69647620353,21.626126157481874,0.00037033179441469814,0.0,1.0584759195627026e-70,7.292220951047351e-10,7.292220951047351e-10
95178.92000062592,22.350370716013078,0.00037033179441656145,0.0,1.7348860892676617e-70,9.490909007745134e-10,9.490909007745134e-10
98366.43323783907,23.098870005710364,0.00037033179441906775,0.0,2.8435509980535773e-70,1.23525277975301e-09,1.23525277975301e-09
101660.69532907748,23.872436310183016,0.00037033179442243897,0.0,4.660700011722211e-70,1.607695915299632e-09,1.607695915299632e-09
105065.28126116832,24.67190911617248,0.0003703317944269736,0.0,7.63908510601195e-70,2.0924351832044786e-09,2.0924351832044786e-09
108583.88574616685,25.498156024577387,0.00037033179443307315,0.0,1.2520786609577068e-69,2.7233292784939953e-09,2.7233292784939953e-09
112220.32723091653,26.3520736919878,0.00037033179444127763,0.0,2.0522106855542284e-69,3.5444457301201967e-09,3.5444457301201967e-09
115978.55204089137,27.234588803751954,0.00037033179445231345,0.0,3.3636619168835915e-69,4.613138999302107e-09,4.613138999302107e-09
119862.63866281066,28.146659079629806,0.0003703317944671577,0.0,5.513187880134515e-69,6.004056665947876e-09,6.004056665947876e-09
123876.80217068108,29.089274313126595,0.00037033179448712475,0.0,9.036355460377807e-69,7.814353534380101e-09,7.814353534380101e-09
128025.39880006168,30.06345744563237,0.0003703317945139824,0.0,1.4810982776491636e-68,1.0170477862542024e-08,1.0170477862542024e-08
132312.93067552353,31.070265676535115,0.0003703317945501086,0.0,2.427585320862335e-68,1.3237003731430242e-08,1.3237003731430242e-08
136744.0506964265,32.11079161051024,0.00037033179459870194,0.0,3.978919767860454e-68,1.7228126494037764e-08,1.7228126494037764e-08
141323.56758632365,33.18616444323348,0.00037033179466406486,0.0,6.521626353410551e-68,2.2422624258721976e-08,2.2422624258721976e-08
146056.45111146383,34.297551186801854,0.0003703317947519845,0.0,1.0689236695835375e-67,2.9183330463712273e-08,2.9183330463712273e-08
150947.83747406525,35.44615793619472,0.0003703317948702452,0.0,1.7520138027245253e-67,3.798247769816953e-08,3.798247769816953e-08
156003.0348862036,36.63323117814722,0.00037033179502931777,0.0,2.8716294561517784e-67,4.943468303016247e-08,4.943468303016247e-08
161227.5293303721,37.86005914385836,0.0003703317952432862,0.0,4.706730381384786e-67,6.433987885865691e-08,6.433987885865691e-08
166626.99051295704,39.12797320700006,0.0003703317955310952,0.0,7.714544462643109e-67,8.373918799728339e-08,8.373918799728339e-08
172207.27801709747,40.43834932854601,0.0003703317959182272,0.0,1.2644489328624612e-66,1.0898764584538415e-07,1.0898764584538415e-07
177974.44766159792,41.79260954998636,0.0003703317964389585,0.0,2.0724895198804987e-66,1.4184884925930405e-07,1.4184884925930405e-07
183934.758072804,43.19222353655088,0.00037033179713939453,0.0,3.3969052377179e-66,1.8461814329748664e-07,1.8461814329748664e-07
190094.67747656282,44.638710172112944,0.00037033179808155115,0.0,5.567683746786244e-66,2.4028295035032593e-07,2.4028295035032593e-07
196460.89071764986,46.133639207507706,0.00037033179934884645,0.0,9.125690235489429e-66,3.1273144050531456e-07,3.1273144050531456e-07
203040.30651426825,47.67863296405054,0.00037033180105348597,0.0,1.4957428072728305e-65,4.070241185377247e-07,4.070241185377247e-07
209840.06495550537,49.27536809410728,0.00037033180334639733,0.0,2.4515917888290356e-65,5.297472974811145e-07,5.297472974811145e-07
216867.54524987037,50.92557740062384,0.0003703318064305933,0.0,4.018272884931472e-65,6.894731482328261e-07,6.894731482328261e-07
224130.37373333483,52.631051717593024,0.0003703318105791464,0.0,6.586136510698184e-65,8.973584585156827e-07,8.973584585156827e-07
231636.432145553,54.393641853495865,0.0003703318161593662,0.0,1.079498544028847e-64,1.1679239225652798e-06,1.1679239225652798e-06
239393.86618325766,56.21526059982994,0.0003703318236653207,0.0,1.769348671348494e-64,1.520068391624402e-06,1.520068391624402e-06
247411.09434009902,58.09788480690097,0.00037033183376157964,0.0,2.9000455359488977e-64,1.9783889250277517e-06,1.9783889250277517e-06
255696.81704253488,60.043557529133864,0.0003703318473420543,0.0,4.753311091312915e-64,2.5748988379098307e-06,2.5748988379098307e-06
264260.02609167085,62.05439024222764,0.00037033186560914166,0.0,7.790901035551203e-64,3.3512637349728634e-06,3.3512637349728634e-06
273110.0144213137,64.13256513456425,0.00037033189018017957,0.0,1.2769654987577668e-63,4.361711689781198e-06,4.361711689781198e-06
282256.3861828097,66.28033747535382,0.0003703319232306385,0.0,2.0930069253447112e-63,5.676820798944627e-06,5.676820798944627e-06
291709.0671676307,68.50003806209068,0.0003703319676867232,0.0,3.430537666399429e-63,7.388448592688541e-06,7.388448592688541e-06
301478.31557899964,70.7940757499715,0.0003703320274844352,0.0,5.622814332238679e-63,9.616147486862318e-06,9.616147486862318e-06
311574.7331642646,73.16494006602537,0.0003703321079180243,0.0,9.216060511908436e-63,1.251551416801508e-05,1.251551416801508e-05
322009.2767200833,75.615203910788,0.00037033221610866847,0.0,1.5105562940184932e-62,1.6289055730042532e-05,1.6289055730042532e-05
332793.26998291875,78.14752635045568,0.0003703323616348559,0.0,2.4758739700097436e-62,2.1200330907671182e-05,2.1200330907671182e-05
343938.4159177444,80.76465550254764,0.0003703325573802416,0.0,4.058075981334801e-62,2.7592353062856067e-05,2.7592353062856067e-05
355456.80941828765,83.46943151820687,0.0003703328206739775,0.0,6.651381148301681e-62,3.5911538493200025e-05,3.5911538493200025e-05
367360.9504326107,86.26478966437958,0.00037033317482435647,0.0,1.0901933184465453e-61,4.6738869667076396e-05,4.6738869667076396e-05
379663.7575282518,89.1537635092133,0.000370333651181339,0.0,1.7868792928121112e-61,6.083044474177048e-05,6.083044474177048e-05
392378.58191167103,92.13948821413588,0.00037033429191019957,0.0,2.928781244530431e-61,7.917023660781288e-05,7.917023660781288e-05
405519.22191719065,95.22520393618213,0.0003703351537212007,0.0,4.8004137541206414e-61,0.00010303873119516385,0.00010303873119516385
419099.9379811784,98.41425934426655,0.0003703363128843516,0.0,7.868110047074e-61,0.00013410221320183955,0.00013410221320183955
433135.46811769856,101.71011525321181,0.00037033787197120974,0.0,1.2896212970027105e-60,0.00017452889143970753,0.00017452889143970753
447641.0439124511,105.1163483794827,0.0003703399689170644,0.0,2.11375176787881e-60,0.0002271398999470563,0.0002271398999470563
462632.4070523299,108.63665522269567,0.000370342789199597,0.0,3.4645416519321076e-60,0.0002956055949690668,0.0002956055949690668
478125.8264085643,112.27485607712183,0.00037034658220135393,0.0,5.678551976969879e-60,0.00038470064362461414,0.00038470064362461414
494138.1156919556,116.03489917753087,0.00037035168318558443,0.0,9.307422710592583e-60,0.0005006353574742912,0.0005006353574742912
510686.65169939736,119.92086498388144,0.0003703585427976488,0.0,1.5255318735963325e-59,0.0006514857976184358,0.0006514857976184358
527789.3931714501,123.93697060950076,0.00037036776664543277,0.0,2.5004210552195945e-59,0.0008477516507670019,0.0008477516507670019
545464.9002814671,128.08757439756664,0.00037038016836080215,0.0,4.098312040819851e-59,0.0011030790804542185,0.0011030790804542185
563732.354777388,132.3771806508504,0.0003703968406613406,0.0,6.717333486738421e-59,0.0014351960661445173,0.0014351960661445173
582611.5807980928,136.8104445198616,0.00037041925039219713,0.0,1.1010037797409826e-58,0.0018671205378221198,0.0018671205378221198
602123.0663868701,141.3921770546909,0.00037044936541932736,0.0,1.80459904107224e-58,0.002428717223477211,0.002428717223477211
622287.9857253856,146.12735042604234,0.00037048982366292665,0.0,2.9578261646345456e-58,0.003158697700049156,0.003158697700049156
643128.2221122383,151.02110332111138,0.0003705441575931481,0.0,4.8480219982013526e-58,0.004107179409455268,0.004107179409455268
664666.391711082,156.0787465201743,0.000370617091215078,0.0,7.94614577792145e-58,0.00533894228060622,0.00533894228060622
686925.8680940442,161.30576865993098,0.00037071493091302214,0.0,1.3024122888423464e-57,0.006937543476378259,0.006937543476378259
709930.8076071176,166.70784218986532,0.0003708460762818473,0.0,2.1347177080966008e-57,0.009010466396700879,0.009010466396700879
733706.1755850083,172.2908295280769,0.00037102168165658586,0.0,3.498907248334349e-57,0.011695479714242582,0.011695479714242582
758277.7734439359,178.0607894232755,0.00037125650221812585,0.0,5.734881084101211e-57,0.015168349108132374,0.015168349108132374
783672.2666817366,184.02398352983076,0.00037156995795741644,0.0,9.399752385683781e-57,0.019651950953196915,0.019651950953196915
809917.2138157091,190.18688320302437,0.00037198744033148574,0.0,1.5406657165465524e-56,0.025426640783528975,0.025426640783528975
837041.0962895531,196.5561765218672,0.00037254186349196814,0.0,2.52522704902745e-56,0.03284136795211495,0.03284136795211495
865073.349381908,203.1387755471145,0.00037327541453505435,0.0,4.138971682608033e-56,0.04232442027654209,0.04232442027654209
894044.3941499828,209.94182382234342,0.00037424137190602197,0.0,6.783978857816547e-56,0.05439173916797414,0.05439173916797414
923985.6704429975,216.97270412624627,0.0003755057230103657,0.0,1.1119276359061927e-55,0.06964940563421822,0.06964940563421822
954929.6710212028,224.23904648453848,0.00037714811141208285,0.0,1.8225043373317076e-55,0.08878521009112353,0.08878521009112353
986909.976817569,231.74873645019034,0.0003792613905901154,0.0,2.9871747125939324e-55,0.11254249254031971,0.11254249254031971
1019961.2933803442,239.5099236609536,0.00038194880981447975,0.0,4.896127119129494e-55,0.14166844857930605,0.14166844857930605
1054119.4885360964,247.53103068348486,0.0003853177392735829,0.0,8.024994670782103e-55,0.1768302517598212,0.1768302517598212
1089421.6313140462,255.82076215364805,0.0003894690786831083,0.0,1.3153363647149922e-54,0.21849756662142095,0.21849756662142095
1125906.0321739977,264.38811422293094,0.0003944823508646478,0.0,2.1559014668161962e-54,0.2668009057586658,0.2668009057586658
1163612.284581455,273.242384321211,0.0004003980927005567,0.0,3.5336293639430713e-54,0.3213911994825198,0.3213911994825198
1202581.3079751127,282.3931812464817,0.00040720123218436727,0.0,5.791793757086663e-54,0.38134178418535725,0.38134178418535725
1242855.3921732793,291.85043559247214,0.0004148107538640114,0.0,9.49303730634068e-54,0.445139729880866,0.445139729880866
1284478.2432674952,301.62441052549394,0.0004230807692114024,0.0,1.5559559310900078e-53,0.5107985105248445,0.5107985105248445
1327495.0310530735,311.7257129221908,0.00043181527755589466,0.0,2.5502890297907057e-53,0.5760867959655552,0.5760867959655552
1371952.4380481183,322.16530488029906,0.0004407941405702969,0.0,4.180050401985873e-53,0.6388228128799505,0.6388228128799505
1417898.7101541318,332.95451561488954,0.0004498034500766653,0.0,6.851310328496684e-53,0.6971551447915717,0.6971551447915717
1465383.7090132732,344.10505375302085,0.00045866204039220036,0.0,1.1229638220143678e-52,0.7497569045090574,0.7497569045090574
1514458.9661190026,355.62902004012733,0.000467238087555042,0.0,1.8405935494066904e-52,0.7958970101401547,0.7958970101401547
1565177.738738917,367.5389204719496,0.00047545398573375013,0.0,3.0168243928413943e-52,0.8353974687118727,0.8353974687118727
1617595.0677103829,379.8476798662396,0.00048328155925253297,0.0,4.944725311479693e-52,0.8685162289761298,0.8685162289761298
1671767.8371717718,392.56865588898887,0.0004907316044931849,0.0,8.10465094025881e-52,0.8958024912254808,0.8958024912254808
1727754.836294027,405.7156535503787,0.0004978417006229387,0.0,1.3283926480309787e-51,0.9179610353058955,0.9179610353058955
1785616.8230796556,419.3029401862085,0.0005046650398766247,0.0,2.177301720920362e-51,0.9357453650441515,0.9357453650441515
1845416.5902982738,433.3452609410338,0.0005112616315172472,0.0,3.568706010355151e-51,0.9498848990710691,0.9498848990710691
1907219.033630371,447.8578547698443,0.0005176921649099585,0.0,5.849287022701605e-51,0.9610425010181836,0.9610425010181836
1971091.2220931286,462.85647097561855,0.0005240142116207916,0.0,9.587273052665742e-51,0.9697949716581198,0.9697949716581198
2037102.4708248395,478.3573863007311,0.0005302802154723438,0.0,1.5714018646841171e-50,0.9766288694401181,0.9766288694401181
2105324.416306792,494.37742259073053,0.000536536714334012,0.0,2.5756060419891076e-50,0.9819453806274075,0.9819453806274075
2175831.0941043785,510.9339650496881,0.0005428243342810884,0.0,4.2215468136511543e-50,0.9860697319279452,0.9860697319279452
2248699.019211661,528.0449811068956,0.0005491782188593187,0.0,6.919325915004234e-50,0.9892622296252009,0.9892622296252009
2324007.2690867255,545.7290399154214,0.0005556286661912151,0.0,1.1341120584002932e-49,0.9917292169423577,0.9917292169423577
2401837.569467785,564.0053325036467,0.0005622018318571012,0.0,1.858866291048548e-49,0.9936330653556417,0.9936330653556417
2482274.3830633224,582.8936926016935,0.0005689204156115445,0.0,3.0467746867000104e-49,0.9951008325898423,0.9951008325898423
2565405.0012123617,602.4146181653012,0.0005758042896135549,0.0,4.993815906551612e-49,0.9962315192543483,0.9962315192543483
2651319.6386144618,622.589293620546,0.0005828710504367155,0.0,8.185113778064728e-49,0.9971020129105694,0.9971020129105694
2740111.5312321945,643.439612853528,0.0005901364914600813,0.0,1.3415810519427802e-48,0.9977718781272269,0.9977718781272269
2831877.0374722905,664.9882029699651,0.0005976149999506535,0.0,2.198918400435157e-48,0.9982871710267721,0.9982871710267721
2926715.7427553944,687.2584488505053,0.0006053198867774693,0.0,3.60413718765959e-48,0.9986834505066309,0.9986834505066309
3024730.567587738,710.2745185283696,0.0006132636579343553,0.0,5.907361063124675e-48,0.998988139844728,0.998988139844728
3126027.8792521944,734.0613894169061,0.0006214582369671022,0.0,9.682460211951166e-48,0.999222369771046,0.999222369771046
3230717.6072397386,758.6448754154737,0.0006299151466583755,0.0,1.587003659373622e-47,0.9994024115397204,0.9994024115397204
3338913.3625467666,784.051654923118,0.0006386456573068307,0.0,2.6011783910526363e-47,0.9995407880806999,0.9995407880806999
3450732.560967549,810.3092997903913,0.0006476609078620629,0.0,4.2634615333757197e-47,0.9996471337056395,0.9996471337056395
3566296.5505158114,837.4463052407859,0.0006569720051574403,0.0,6.988026809251818e-47,0.9997288581844422,0.9997288581844422
3685730.7431135215,865.4921207942028,0.0006665901055703286,0.0,1.1453725693884804e-46,0.9997916590698448,0.9997916590698448
3809164.750690003,894.4771822260614,0.0006765264826512662,0.0,1.8773229758717084e-46,0.9998399165711345,0.9998399165711345
3936732.525838852,924.4329445966856,0.000686792583598931,0.0,3.077026344954652e-46,0.9998769976806093,0.9998769976806093
4068572.507185533,955.3919163868616,0.0006974000769060649,0.0,5.0434002504545904e-46,0.9999054902766836,0.9999054902766836
4204827.769623162,987.3876947765538,0.0007083608930487772,0.0,8.26638557377304e-46,0.9999273832488121,0.9999273832488121
4345646.1795797795,1020.455002105129,0.0007196872597233131,0.0,1.3549019971727526e-45,0.999944205044603,0.999944205044603
4491180.555485329,1054.629723552586,0.0007313917328363778,0.0,2.2207522410320735e-45,0.9999571302095075,0.9999571302095075
4641588.833612782,1089.948946082755,0.0007434872242153235,0.0,3.6399241747485425e-45,0.9999670612976175,0.9999670612976175
4797034.239473074,1126.4509986906555,0.0007559870268120409,0.0,5.966018090440397e-45,0.999974691837679,0.999974691837679
4957685.46495016,1164.1754939977652,0.0007689048380205273,0.0,9.778602593748926e-45,0.9999805547304433,0.9999805547304433
5123716.851368119,1203.1633712402613,0.0007822547816051633,0.0,1.602761968718356e-44,0.9999850594448899,0.9999850594448899
5295308.578689271,1243.4569406969656,0.0007960514286388619,0.0,2.627007194436466e-44,0.999988520603789,0.999988520603789
5472646.861048321,1285.0999296051273,0.0008103098177722708,0.0,4.3057964660554113e-44,0.999991179950777,0.999991179950777
5655924.148835059,1328.1375296139533,0.0008250454750933544,0.0,7.057416249756123e-44,0.9999932232306633,0.9999932232306633
5845339.337544563,1372.6164458273013,0.0008402744337874616,0.0,1.1567459042321689e-43,0.9999947931604832,0.9999947931604832
6041097.983621918,1418.5849474888375,0.0008560132537691097,0.0,1.8959645333806784e-43,0.999995999396393,0.999995999396393
6243412.527535317,1466.0929203645853,0.0008722790414258133,0.0,3.1075809375003185e-43,0.9999969261920455,0.9999969261920455
6452502.524320022,1515.1919208797929,0.0008890894695899951,0.0,5.0934809898974154e-43,0.9999976382830622,0.9999976382830622
6668594.881842949,1565.9352320687801,0.0009064627978357452,0.0,8.34847078215243e-43,0.9999981854084414,0.9999981854084414
6891924.107046891,1618.3779213985804,0.0009244178931821564,0.0,1.3683562323846324e-42,0.9999986057846096,0.9999986057846096
7122732.56044115,1672.5769005290251,0.0009429742512730542,0.0,2.2428044991558635e-42,0.9999989287747131,0.9999989287747131
7361270.719115229,1728.5909870742307,0.0009621520180937851,0.0,3.67606907754116e-42,0.9999991769395633,0.9999991769395633
7607797.448560522,1786.4809684324027,0.0009819720122784712,0.0,6.025261630170108e-42,0.9999993676134693,0.9999993676134693
7862580.283595478,1846.3096677533376,0.0010024557480557213,0.0,9.875706093630462e-42,0.9999995141150171,0.9999995141150171
8125895.718698619,1908.1420121150977,0.0010236254588765036,0.0,1.618677777597734e-41,0.9999996266773615,0.9999996266773615
8398029.50806497,1972.0451029839635,0.001045504121764832,0.0,2.653094095851515e-41,0.9999997131630044,0.9999997131630044
8679276.97571104,2038.0882890340065,0.0010681154824295333,0.0,4.348554352511179e-41,0.9999997796129895,0.9999997796129895
8969943.33596537,2106.3432414054287,0.0010914840811738315,0.0,7.127498802918055e-41,0.9999998306688662,0.9999998306688662
9270344.024691967,2176.8840314832196,0.0011156352796383147,0.0,1.1682328231324095e-40,0.9999998698969037,0.9999998698969037
9580805.041606564,2249.7872112806604,0.0011405952884123037,0.0,1.914792228210089e-40,0.9999999000371926,0.9999999000371926
9901663.30405668,2325.1318965147807,0.0011663911955482672,0.0,3.1384405666776214e-40,0.9999999231950426,0.9999999231950426
10233267.012649959,2402.9998524640587,0.0011930509960140301,0.0,5.1440616175721966e-40,0.9999999409880372,0.9999999409880372
10575976.029126968,2483.475582701393,0.0012206036221176606,0.0,8.431375202202248e-40,0.9999999546590242,0.9999999546590242
10930162.266889194,2566.646420798794,0.0012490789749404784,0.0,1.381944719847286e-39,0.9999999651629264,0.9999999651629264
11296210.09460533,2652.6026251031594,0.0012785079568141215,0.0,2.2650767707017968e-39,0.9999999732334457,0.9999999732334457
11674516.753334604,2741.4374766861392,0.0013089225048784556,0.0,3.7125745414283555e-39,0.9999999794343111,0.9999999794343111
12065492.787619049,2833.247380574234,0.0013403556257578794,0.0,6.08509606524707e-39,0.9999999841986547,0.9999999841986547
12469562.491013298,2928.131970369135,0.0013728414313946562,0.0,9.973777969989919e-39,0.9999999878592684,0.9999999878592684
12887164.366534688,3026.194216371696,0.0014064151760788384,0.0,1.6347522875215998e-38,0.999999990671847,0.999999990671847
13318751.602534039,3127.5405373270137,0.0014411132947156353,0.0,2.679441083382672e-38,0.9999999928328507,0.9999999928328507
13764792.564502846,3232.280915911744,0.0014769734423721497,0.0,4.391738481050174e-38,0.9999999944932261,0.9999999944932261
14225771.303351326,3340.5290180891357,0.0015140345351468505,0.0,7.198279905597803e-38,0.9999999957689512,0.9999999957689512
14702188.080708131,3452.402316461133,0.001552336792406353,0.0,1.179834224697102e-37,0.9999999967491358,0.9999999967491358
15194559.91181264,3568.022217751611,0.0015919217804356565,0.0,1.9338075450850133e-37,0.9999999975022462,0.9999999975022462
15703421.126588063,3687.514194558869,0.001632832457549318,0.0,3.1696076848372544e-37,0.9999999980808876,0.9999999980808876
16229323.949505221,3811.007921520595,0.001675113220712744,0.0,5.1951461828390745e-37,0.9999999985254782,0.9999999985254782
16772839.098865272,3938.637416038835,0.0017188099537242374,0.0,8.515105518342191e-37,0.9999999988670727,0.9999999988670727
17334556.40615276,4070.5411837179145,0.001763970077010256,0.0,1.3956685626745654e-36,0.9999999991295321,0.9999999991295321
17915085.456130072,4206.862368672919,0.0018106425990879168,0.0,2.2875708756295664e-36,0.9999999993311888,0.9999999993311888
18515056.248369023,4347.748908872075,0.0018588781697507378,0.0,3.749443568289256e-36,0.9999999994861286,0.9999999994861286
19135119.880936343,4493.353696681375,0.0019087291350352916,0.0,6.145526345834478e-36,0.9999999996051745,0.9999999996051745
19775949.256976206,4643.834744785934,0.001960249594028557,0.0,1.0072826383864615e-35,0.9999999996966416,0.9999999996966416
20438239.814955357,4799.355357667851,0.0020134954575775437,0.0,1.650986843653598e-35,0.9999999997669191,0.9999999997669191
21122710.283364568,4960.084308826966,0.0020685245089650246,0.0,2.706050373760665e-35,0.9999999998209157,0.9999999998209157
21830103.46069422,5126.19602393654,0.0021253964666171537,0.0,4.435352503941512e-35,0.9999999998624032,0.9999999998624032
22561187.02153141,5297.870770132867,0.0021841730489111,0.0,7.269765574078993e-35,0.9999999998942795,0.9999999998942795
23316754.349653065,5475.294851644129,0.0022449180411530274,0.0,1.191551099788177e-34,0.9999999999187712,0.9999999999187712
24097625.3990186,5658.660811970709,0.0023076973647990513,0.0,1.9530121156313235e-34,0.999999999937589,0.999999999937589
24904647.58359766,5848.167642836612,0.0023725791489944224,0.0,3.2010849782753736e-34,0.9999999999520475,0.9999999999520475
25738696.696997184,6044.021000138433,0.0024396338045084382,2.325034442729571e-308,5.246739107670685e-34,0.9999999999631564,0.9999999999631564
26600677.862887263,6246.433427126581,0.0025089341001454575,2.332705792235709e-307,8.599669008538207e-34,0.9999999999716918,0.9999999999716918
27491526.517255675,6455.62458506057,0.0025805552417148135,2.340402459707503e-306,1.4095289585400952e-33,0.9999999999782498,0.9999999999782498
28412209.42355865,6671.821491589095,0.0026545749536454576,2.34812452850792e-305,2.3102887845648692e-33,0.9999999999832885,0.9999999999832885
29363725.721867878,6895.258767113175,0.0027310735633337777,2.3558720822788238e-304,3.78667940009706e-33,0.99999999998716,0.99999999998716
30347108.013154026,7126.1788894001365,0.0028101340883162585,2.3636452049443733e-303,6.206557804750613e-33,0.9999999999901346,0.9999999999901346
31363423.479881637,7364.832456724323,0.0028918423263614456,2.371443980709084e-302,1.0172860106241135e-32,0.9999999999924201,0.9999999999924201
32413775.044133402,7611.47845982053,0.0029762869485791387,2.379268494061353e-301,1.6673828883967898e-32,0.999999999994176,0.999999999994176
33499302.564518645,7866.384562944856,0.0030635595956476965,2.387118829771633e-300,2.7329243387598506e-32,0.9999999999955254,0.9999999999955254
34621184.07316695,8129.827394348421,0.0031537549772640413,2.3949950728956786e-299,4.479400320700742e-32,0.9999999999965619,0.9999999999965619
35780637.054147266,8402.092846478723,0.003246970974924134,2.4028973087729777e-298,7.341962218987933e-32,0.9999999999973583,0.9999999999973583
36978919.764702,8683.476386234915,0.0033433087481456163,2.410825623030166e-297,1.2033845021723676e-31,0.9999999999979703,0.9999999999979703
38217332.60072762,8974.283375613133,0.003442872844247718,2.418780101578847e-296,1.972407671835812e-31,0.9999999999984406,0.9999999999984406
39497219.50798611,9274.82940309047,0.0035457713118077746,2.4267608306196484e-295,3.2328752934336413e-31,0.9999999999988018,0.9999999999988018
40819969.44057614,9585.440626106565,0.0036521158179172422,2.43476789663991e-294,5.298845069626533e-31,0.9999999999990794,0.9999999999990794
42187017.86824927,9906.454125015118,0.003762021769364705,2.4428013864174557e-293,8.68507335873192e-31,0.9999999999992926,0.9999999999992926
43599848.33420442,10238.21826888882,0.0038756084378771447,2.4508613870185985e-292,1.4235271702513585e-30,0.9999999999994564,0.9999999999994564
45059994.06505383,10581.093093575304,0.00399299908955562,2.4589479858018874e-291,2.3332325721384025e-30,0.9999999999995823,0.9999999999995823
46569039.63470477,10935.450692413735,0.00411432111864559,2.467061270416098e-290,3.824285444929618e-30,0.9999999999996791,0.9999999999996791
48128622.68396567,11301.675620036724,0.0042397061857872695,2.475201328803765e-289,6.268196040144085e-30,0.9999999999997535,0.9999999999997535
49740435.697739825,11680.165309695109,0.004369290360895859,2.483368249199582e-288,1.0273888332017266e-29,0.9999999999998106,0.9999999999998106
51406227.84173834,12071.330504559153,0.004503214270826883,2.4915621201336652e-287,1.6839419318940243e-29,0.9999999999998546,0.9999999999998546
53127806.8607024,12475.595703463543,0.004641623251986675,2.4997830304299904e-286,2.760065458422251e-29,0.9999999999998881,0.9999999999998881
54907041.04019814,12893.399621580616,0.0047846675080538865,2.5080310692099056e-285,4.523886003920375e-29,0.9999999999999141,0.9999999999999141
56745861.23410963,13325.195666521005,0.0049325022729828855,2.5163063258901702e-284,7.414876527686492e-29,0.999999999999934,0.999999999999934
58646262.9600339,13771.452430379171,0.00508528797946625,2.524608890186853e-283,1.215335529873296e-28,0.9999999999999494,0.9999999999999494
60610308.5648481,14232.654198256943,0.005243190433038856,2.5329388521131775e-282,1.9919960164774177e-28,0.9999999999999611,0.9999999999999611
62640129.46280292,14709.30147381782,0.0054063809920128205,2.5412963019834853e-281,3.264981590015227e-28,0.99999999999997,0.99999999999997
64737928.448566966,15201.911522441464,0.005575036753438257,2.5496813304111587e-280,5.351468927512879e-28,0.9999999999999769,0.9999999999999769
66905982.08773646,15711.018932568733,0.005749340745291954,2.5580940283124605e-279,8.771326544969607e-28,0.9999999999999822,0.9999999999999822
69146643.18740016,16237.176195845524,0.005929482125102219,2.5665344869044574e-278,1.4376645070601396e-27,0.9999999999999865,0.9999999999999865
71462343.34944504,16780.95430669595,0.006115656385225816,2.575002797709148e-277,2.356404387352889e-27,0.9999999999999896,0.9999999999999896
73855595.6093691,17342.943381974503,0.006308065564999339,2.583499052551065e-276,3.862265229984073e-27,0.999999999999992,0.999999999999992
76328997.16346945,17923.753301370758,0.006506918469995697,2.592023343561518e-275,6.330446840998136e-27,0.9999999999999938,0.9999999999999938
78885232.18736091,18524.014369260447,0.006712430898623223,2.600575763176394e-274,1.0375920561885842e-26,0.9999999999999953,0.9999999999999953
81527074.7488883,19144.377998722317,0.0069248258763136995,2.609156404140121e-273,1.7006655333008047e-26,0.9999999999999964,0.9999999999999964
84257391.8185886,19785.517418461888,0.007144333897553103,2.6177653595034833e-272,2.787476291365352e-26,0.9999999999999971,0.9999999999999971
87079146.3809755,20448.12840341054,0.007371193176018078,2.6264027226279707e-271,4.568813752192992e-26,0.9999999999999978,0.9999999999999978
89995400.65001696,21132.930029791438,0.0076056499030891685,2.635068587183269e-270,7.488515389633939e-26,0.9999999999999984,0.9999999999999984
93009319.39230111,21840.66545547311,0.007847958515021831,2.6437630471515784e-269,1.2274053133379023e-25,0.9999999999999987,0.9999999999999987
96124173.3614909,22572.102726456098,0.008098381969064702,2.6524861968254046e-268,2.0117790043660172e-25,0.9999999999999991,0.9999999999999991
99343342.84780078,23328.03561036932,0.008357192028825162,2.661238130811561e-267,3.297406911240259e-25,0.9999999999999993,0.9999999999999993
102670321.34634109,24109.284457879294,0.008624669559191547,2.6700189440293243e-266,5.4046156742264865e-25,0.9999999999999993,0.9999999999999993
106108719.34831735,24916.697092948358,0.008901104831132389,2.6788287317141084e-265,8.858436758640736e-25,0.9999999999999996,0.9999999999999996
109662268.25919273,25751.149732906735,0.009186797836703097,2.6876675894160567e-264,1.4519423128103683e-24,0.9999999999999996,0.9999999999999996
113334824.44807024,26613.54793933789,0.00948205861460224,2.6965356130017143e-263,2.3798064347929088e-24,0.9999999999999998,0.9999999999999998
117130373.43268889,27504.827600809087,0.009787207586630719,2.7054328986577595e-262,3.9006223717892285e-24,0.9999999999999998,0.9999999999999998
121053034.20456974,28425.955948512285,0.01010257590541851,2.7143595428873484e-261,6.393316139907472e-24,0.9999999999999998,0.9999999999999998
125107063.69901422,29377.932605919534,0.01042850581379701,2.723315642514157e-260,1.0478966527474595e-23,0.9999999999999998,0.9999999999999998
129296861.41479866,30361.79067359044,0.010765351016206475,2.732301294681967e-259,1.7175552889177633e-23,1.0,1.0
133626974.1885841,31378.59785031019,0.011113477062541979,2.7413165968587645e-258,2.8151594559696613e-23,1.0,1.0
138102101.12921423,32429.457591772916,0.011473261744853865,2.7503616468328806e-257,4.6141878602897346e-23,1.0,1.0
142727098.71726683,33515.51030807024,0.011845095507334012,2.759436542717585e-256,7.562885849114841e-23,1.0,1.0
147506986.07538456,34637.93460128264,0.012229381870032108,2.7685413829502115e-255,1.239595007942959e-22,1.0,1.0
152446950.41511068,35797.94854451813,0.012626537866762377,2.7776762662963415e-254,2.031758530464422e-22,1.0,1.0
157552352.66613197,36996.81100378415,0.013036994497675168,2.786841291846115e-253,3.3301543650179607e-22,1.0,1.0
162828733.29404938,38235.82300413011,0.01346119719698554,2.7960365590187444e-252,5.458290406911207e-22,1.0,1.0
168281818.31297994,39516.32914154053,0.013899606316365606,2.8052621675616313e-251,8.946412359174523e-22,1.0,1.0
173917525.49952322,40839.71904211319,0.014352697624525864,2.81451821755472e-250,1.4663619584402189e-21,1.0,1.0
179741970.81482494,42207.42887010299,0.014820962823526844,2.823804809406749e-249,2.403440962741721e-21,1.0,1.0
185761475.04171997,43620.94288647143,0.015304910082382377,2.8331220438596416e-248,3.939360557370533e-21,1.0,1.0
191982570.64414823,45081.795059630604,0.015805064588532855,2.8424700219885532e-247,6.4568099832266415e-21,1.0,1.0
198412008.85628986,46591.570730130436,0.01632196911778708,2.8518488452023174e-246,1.0583036144032298e-20,1.0,1.0
205056767.0091178,48151.908331096885,0.01685618462335169,2.8612586152476592e-245,1.7346128246927273e-20,1.0,1.0
211924056.1023061,49764.501166285045,0.017408290844586338,2.8706994342054447e-244,2.843117618495541e-20,1.0,1.0
219021328.62972713,51431.0992476807,0.01797888693614649,2.8801714044950587e-243,4.660012700328413e-20,1.0,1.0
226356286.66701767,53153.51119464141,0.0185685921181957,2.889674628873816e-242,7.63799507539397e-20,1.0,1.0
233936890.2300003,54933.60619664054,0.019178046348393703,2.8992092104413213e-241,1.251905789265983e-19,1.0,1.0
241771365.9130166,56773.31604174078,0.01980791101638843,2.908775252635642e-240,2.0519365223941321e-19,1.0,1.0
249868215.81656483,58674.637213002825,0.020458869661567108,2.9183728592377013e-239,3.363227112071333e-19,1.0,1.0
258236226.773916,60639.63305510091,0.02113162871484417,2.9280021343708493e-238,5.5124983081398e-19,1.0,1.0
266884479.8867321,62670.43601349888,0.021826918265291928,2.9376631825050003e-237,9.035261844225044e-19,1.0,1.0
275822360.38001955,64769.249948613375,0.022545492852444587,2.9473561084531943e-236,1.4809248372583482e-18,1.0,1.0
285059567.78713197,66938.35252747987,0.023288132285137205,2.9570810173756225e-235,2.427310255695416e-18,1.0,1.0
294606126.47585964,69180.0976955136,0.024055642487766697,2.966838014779413e-234,3.9784835323904035e-18,1.0,1.0
304472396.52704096,71496.9182310504,0.0248488563748945,2.9766272065227405e-233,6.5209345122806975e-18,1.0,1.0
314669084.9774839,73891.3283854358,0.025668634755138472,2.9864486988112796e-232,1.0688139480667342e-17,1.0,1.0
325207257.4394214,76365.92661153259,0.026515867265336775,2.9963025982027327e-231,1.7518397915049133e-17,1.0,1.0
336098350.1090909,78923.39838360347,0.027391473335996,3.006189011605766e-230,2.871353485613176e-17,1.0,1.0
347354182.1774865,81566.51911163282,0.02829640318907263,3.016108046285214e-229,4.7062927099402255e-17,1.0,1.0
358986968.65672874,84298.15715324474,0.02923163886916865,3.026059809857622e-228,7.713850343976206e-17,1.0,1.0
371009333.63600034,87121.27692649278,0.030198195309262793,3.036044410296067e-227,1.2643388501161803e-16,1.0,1.0
383434323.9814102,90038.94212689395,0.03119712143213209,3.046061955929564e-226,2.072314935733061e-16,1.0,1.0
396275423.49467075,93054.31905220237,0.03222950128866043,3.0561125554476224e-225,3.3966283584897143e-16,1.0,1.0
409546567.5459301,96170.68003852497,0.03329645523426746,3.066196317896187e-224,5.567244634121839e-16,1.0,1.0
423262158.19666827,99391.40701151534,0.03439914114473707,3.076313352682435e-223,9.12499383099179e-16,1.0,1.0
437437079.8290459,102719.99515649371,0.03553875567276269,3.0864637695741274e-222,1.4956323619856422e-15,1.0,1.0
452086715.29868424,106160.0567114805,0.036716535546574884,3.096647678704167e-221,2.4514166296800665e-15,1.0,1.0
467226962.6283806,109715.32488725345,0.03793375891205807,3.106865190566716e-220,4.017995093734156e-15,1.0,1.0
482874252.2609081,113389.65791869031,0.03919174671981587,3.1171164160218156e-219,6.585695951626635e-15,1.0,1.0
499045564.88959557,117187.04325178717,0.0404918641586878,3.127401466294782e-218,1.0794286741754922e-14,1.0,1.0
515758449.88606066,121111.6018709017,0.0418355221372751,3.1377204529809427e-217,1.7692378622225082e-14,1.0,1.0
533031044.3450611,125167.59277090954,0.04322417881508079,3.148073488041559e-216,2.899869799745142e-14,1.0,1.0
550882092.7671736,129359.41757913686,0.04465934118492869,3.158460683808698e-215,4.753032384897669e-14,1.0,1.0
569330967.400626,133691.62533207674,0.04614256670837618,3.168882152984306e-214,7.790459024931849e-14,1.0,1.0
588397689.2643859,138168.91741208002,0.047675465005897734,3.179338008645457e-213,1.2768953986873972e-13,1.0,1.0
608102949.8752822,142796.15264936833,0.04925969960366997,3.1898283642397397e-212,2.092895751092612e-13,1.0,1.0
628468133.7027853,147578.35259491837,0.05089698973885829,3.2003533335905742e-211,3.430361351103029e-13,1.0,1.0
649515341.375776,152520.70696992904,0.052589112225360606,3.210913030896119e-210,5.622534707379108e-13,1.0,1.0
671267413.6665189,157628.57929779423,0.05433790338203568,3.2215075707344106e-209,9.215617044632153e-13,1.0,1.0
693747956.2778233,162907.51272468173,0.056145261025505294,3.2321370680591494e-208,1.5104859629215649e-12,1.0,1.0
716981365.4603475,168363.23603504826,0.05801314652969689,3.242801638204569e-207,2.475762429347811e-12,1.0,1.0
740992854.4878007,174001.6698686082,0.0599435869543587,3.2535013968847264e-206,4.057899084907594e-12,1.0,1.0
765808481.0188105,179828.93314551108,0.06193867724486016,3.264236460198689e-205,6.651100601755988e-12,1.0,1.0
791455175.3750993,185851.34970668875,0.06400058250566104,3.2750069446257796e-204,1.0901488255357407e-11,1.0,1.0
817960769.7667205,192075.45517659368,0.06613154034992248,3.2858129670311093e-203,1.7868087298580416e-11,1.0,1.0
845354028.4960186,198508.00405576325,0.06833386332780618,3.2966546446645594e-202,2.928669336112912e-11,1.0,1.0
873664679.1731328,205155.9770509169,0.07060994143610191,3.307532095166079e-201,4.8002362743507754e-11,1.0,1.0
902923444.9768612,212026.58865052782,0.07296224471190542,3.318445436561032e-200,7.86782857511991e-11,1.0,1.0
933162077.9959699,219127.29495410642,0.07539332591317088,3.3293947872654667e-199,1.2895766572604406e-10,1.0,1.0
964413393.6870679,226465.8017636793,0.07790582328905073,3.340380266085504e-198,2.1136809718825715e-10,1.0,1.0
996711306.4864899,234050.07294625437,0.08050246344304542,3.3514019922220735e-197,3.464429373457998e-10,1.0,1.0
1030090866.6147728,241888.33907633374,0.08318606429208762,3.3624600852670244e-196,5.678373909071346e-10,1.0,1.0
1064588298.113739,249989.10636787058,0.08595953812481562,3.373554665207954e-195,9.307140302584889e-10,1.0,1.0
1100241038.1574087,258361.16590534887,0.08882589476241298,3.384685852427332e-194,1.5254870845128572e-09,1.0,1.0
1137087777.6794484,267013.60318401584,0.09178824482555656,3.3958537677081495e-193,2.500350019994095e-09,1.0,1.0
1175168503.3611743,275955.80796960276,0.09484980311119351,3.4070585322293258e-192,4.098199376545797e-09,1.0,1.0
1214524541.0257678,285197.4844882556,0.09801389208312719,3.4183002675705074e-191,6.717154789809358e-09,1.0,1.0
1255198600.485721,294748.6619577169,0.1012839454807163,3.4295790957115814e-190,1.1009754345669514e-08,1.0,1.0
1297234821.892243,304619.7054712016,0.10466351205049094,3.440895139038572e-189,1.804554074069437e-08,1.0,1.0
1340678823.6368356,314821.32724575634,0.10815625940622528,3.4522485203379894e-188,2.9577548139579873e-08,1.0,1.0
1385577751.8571384,325364.5982473377,0.11176597802419991,3.463639362802911e-187,4.847908744235427e-08,1.0,1.0
1431980331.6006718,336260.96020520135,0.11549658538227664,3.475067790031996e-186,7.945965905596783e-08,1.0,1.0
1479936919.7020738,347522.23802865855,0.11935213025455774,3.486533926034762e-185,1.3023836927351943e-07,1.0,1.0
1529499559.4311242,359160.652639652,0.12333679717860553,3.4980378952272047e-184,2.1346721697917629e-07,1.0,1.0
1580722036.9709687,371188.8342351046,0.1274549111209529,3.509579822436921e-183,3.498834525942396e-07,1.0,1.0
1633659939.7877553,383619.83599341323,0.13171094238131928,3.521159832903478e-182,5.734764403679819e-07,1.0,1.0
1688370716.9550495,396467.1482399687,0.1361095118007523,3.5327780522787837e-181,9.399563718429223e-07,1.0,1.0
1744913741.498533,409744.7130870832,0.1406553963808058,3.5444346066326677e-180,1.5406348227501184e-06,1.0,1.0
1803350374.8285341,423466.9395641874,0.1453535354917032,3.5561296224478905e-179,2.5251754411938314e-06,1.0,1.0
1863744033.3304567,437648.7192547502,0.15020903796734209,3.5678632266255637e-178,4.138882818171378e-06,1.0,1.0
1926160257.1852603,452305.44245686405,0.15522719058791967,3.57963554648488e-177,6.783819071654404e-06,1.0,1.0
1990666781.49476,467453.01488505426,0.1604134687945752,3.5914467097681856e-176,1.1118972300956698e-05,1.0,1.0
2057333609.7888167,483107.8749314081,0.1657735510621883,3.6032968446362497e-175,1.8224425094561128e-05,1.0,1.0
2126233089.994336,499287.01150479284,0.1713133393414269,3.6151860796740857e-174,2.9870401053512208e-05,1.0,1.0
2197439992.9483995,516007.98246749194,0.1770389896482647,3.627114543889808e-173,4.89581544668924e-05,1.0,1.0
2271031593.5408306,533288.9336892915,0.18295695969998776,3.63908236672041e-172,8.02423659449408e-05,1.0,1.0
2347087754.5741096,551148.6187396613,0.18907408526608974,3.65108967802736e-171,0.00013151452792248313,1.0,1.0
2425691013.4318185,569606.4192394409,0.19539770495729689,3.663136608101289e-170,0.00021554080795745727,1.0,1.0
2506926671.649537,588682.3658940862,0.20193586675328634,3.6752232876618356e-169,0.0003532335653349506,1.0,1.0
2590882887.4854975,608397.1602313265,0.20869767238337966,3.687349847863351e-168,0.0005788369086878216,1.0,1.0
2677650771.591298,628772.1970667845,0.2156938538061969,3.6995164202898585e-167,0.000948391977713761,1.0,1.0
2767324485.8867083,649829.5877219887,0.2229377392090222,3.711723136960616e-166,0.0015535205879911899,1.0,1.0
2860001345.7456923,671592.1840199332,0.23044686905554798,3.723970130329523e-165,0.0025437729434440908,1.0,1.0
2955781925.604683,694083.6030842597,0.2382456866633194,3.736257533290806e-164,0.004162605013012571,1.0,1.0
3054770168.107529,717328.2529689271,0.2463699764197919,3.7485854791740254e-163,0.006804617826866418,1.0,1.0
3157073496.9057884,741351.359146241,0.25487406591019335,3.7609541017498335e-162,0.011104821473248068,1.0,1.0
3262802933.2365975,766178.9918819392,0.263842185282109,3.773363535229187e-161,0.01807310418104166,1.0,1.0
3372073216.4047804,791838.0945270829,0.27340550184548573,3.785813914269391e-160,0.02928450142486992,1.0,1.0
3485002928.2997274,818356.5127573988,0.2837653528647256,3.7983053739687115e-159,0.04711700969412695,1.0,1.0
3601714622.082444,845763.0247918738,0.2952190333703866,3.810838049872441e-158,0.0749697967088015,1.0,1.0
3722334955.1822076,874087.3726233382,0.30817364813760406,3.823412077971872e-157,0.11726133738541152,1.0,1.0
3846994826.747332,903360.2942949765,0.32311394587092757,3.836027594710643e-156,0.17879878135689156,1.0,1.0
3975829519.6989627,933613.5572577288,0.3404734585956891,3.848684736979075e-155,0.2630084725468924,1.0,1.0
4108978847.542363,964879.9928448609,0.36038936592421594,3.8613836421206074e-154,0.3690549614032654,1.0,1.0
4246587306.094774,997193.5319010534,0.3824510546481607,3.874124447930595e-153,0.4894625094548963,1.0,1.0
4388804230.294694,1030589.2416047225,0.4056927156017753,3.886907292662447e-152,0.6111053229470581,1.0,1.0
4535783956.2624855,1065103.363523469,0.42896007883439385,3.899732315022663e-151,0.7203256963818533,1.0,1.0
4687685988.788507,1100773.3529440332,0.45139951037847176,3.9125996541763886e-150,0.8084848021578687,1.0,1.0
4844675174.430274,1137637.9195193718,0.47268875827546447,3.925509449746905e-149,0.8737258907822585,1.0,1.0
5006921880.4067,1175737.069277023,0.4929389900231681,3.938461841821547e-148,0.918969600707919,1.0,1.0
5174602179.483268,1215112.148034271,0.512470420592813,3.951456970946877e-147,0.9489497609798784,1.0,1.0
5347898041.049122,1255805.886267317,0.5316370577414675,3.9644949781338946e-146,0.9682212440458962,1.0,1.0
5526997528.5931835,1297862.4454830782,0.5507426436248877,3.9775760048581326e-145,0.9803682396862574,1.0,1.0
5712095003.79379,1341327.4661439948,0.5700196011919287,3.990700193065335e-144,0.9879300922898391,1.0,1.0
5903391337.443019,1386248.1171977706,0.589636538223978,4.003867685166069e-143,0.9926012174424803,1.0,1.0
6101094127.435032,1432673.1472659037,0.609713694893811,4.0170786240420195e-142,0.9954728736460828,1.0,1.0
6305417924.054636,1480652.9375464732,0.6303375842806015,4.0303331530453964e-141,0.997233073741439,1.0,1.0
6516584462.810847,1530239.5564886578,0.651572318542138,4.0436314160046097e-140,0.9983100491286834,1.0,1.0
6734822905.067723,1581486.8162982303,0.6734676137155731,4.0569735572194434e-139,0.9989682652604301,1.0,1.0
6960370086.734105,1634450.3313354612,0.6960641878503119,4.070359721467036e-138,0.999370275608648,1.0,1.0
7193470775.281739,1689187.5784687144,0.7193973090306969,4.083790054000782e-137,0.9996157048678458,1.0,1.0
7434377935.371044,1745757.9594493085,0.743499095280362,4.0972647005571186e-136,0.9997655027871517,1.0,1.0
7683353003.372303,1804222.8653752233,0.7683999957683004,4.110783807349986e-135,0.9998569179614285,1.0,1.0
7940666171.080774,1864645.743313744,0.7941297436870265,4.1243475210767205e-134,0.9999126994312882,1.0,1.0
8206596678.933171,1927092.1651552375,0.8207179715426709,4.137955988917584e-133,0.9999467352882812,1.0,1.0
8481433119.044057,1991629.8987728665,0.8481946121007433,4.151609358542221e-132,0.9999675020231126,1.0,1.0
8765473748.390501,2058328.9815653393,0.8765901638556295,4.1653077781037654e-131,0.9999801724271764,1.0,1.0
9059026812.485546,2127261.796462669,0.9059358712086025,4.179051396245672e-130,0.9999879029176701,1.0,1.0
9362410879.891174,2198503.150477288,0.9362638511818009,4.1928403621002835e-129,0.9999926194213926,1.0,1.0
9675955187.934252,2272130.3558858708,0.9676071868165245,4.2066748252962445e-128,0.9999954970265621,1.0,1.0
10000000000.0,2348223.3141298224,1.0,4.220554935951632e-127,0.9999972526886967,1.0,1.0
